-- TRUNCATE AND RESTART IDENTITY
TRUNCATE TABLE audit_logs, events, announcements, profile_verifications, drive_applications, drive_allowed_departments, drive_eligibility, placement_drives, companies, student_certifications, student_professional_profiles, schooling_details, academic_records, student_identity_docs, student_contact_details, student_personal_details, student_profiles, users, departments RESTART IDENTITY CASCADE;

-- 1. Departments
INSERT INTO departments (id, name, code) VALUES (1, 'Computer Science and Engineering', 'CSE');
INSERT INTO departments (id, name, code) VALUES (2, 'Information Technology', 'IT');
INSERT INTO departments (id, name, code) VALUES (3, 'Electronics and Communication', 'ECE');
INSERT INTO departments (id, name, code) VALUES (4, 'Electrical and Electronics', 'EEE');
INSERT INTO departments (id, name, code) VALUES (5, 'Mechanical Engineering', 'MECH');
INSERT INTO departments (id, name, code) VALUES (6, 'Civil Engineering', 'CIVIL');
INSERT INTO departments (id, name, code) VALUES (7, 'Artificial Intelligence', 'AI');
INSERT INTO departments (id, name, code) VALUES (8, 'Data Science', 'DS');

-- 2. Users
INSERT INTO users (id, email, university_reg_no, password_hash, role, department_id, is_active) VALUES (1, 'faculty1@college.edu', 'FAC1000', 'hashed_pwd', 'FACULTY', 1, True);
INSERT INTO users (id, email, university_reg_no, password_hash, role, department_id, is_active) VALUES (2, 'faculty2@college.edu', 'FAC1001', 'hashed_pwd', 'FACULTY', 3, True);
INSERT INTO users (id, email, university_reg_no, password_hash, role, department_id, is_active) VALUES (3, 'faculty3@college.edu', 'FAC1002', 'hashed_pwd', 'FACULTY', 2, True);
INSERT INTO users (id, email, university_reg_no, password_hash, role, department_id, is_active) VALUES (4, 'faculty4@college.edu', 'FAC1003', 'hashed_pwd', 'FACULTY', 4, True);
INSERT INTO users (id, email, university_reg_no, password_hash, role, department_id, is_active) VALUES (5, 'faculty5@college.edu', 'FAC1004', 'hashed_pwd', 'FACULTY', 6, True);
INSERT INTO users (id, email, university_reg_no, password_hash, role, department_id, is_active) VALUES (6, 'head1@college.edu', 'PH1000', 'hashed_pwd', 'PLACEMENT_HEAD', NULL, True);
INSERT INTO users (id, email, university_reg_no, password_hash, role, department_id, is_active) VALUES (7, 'head2@college.edu', 'PH1001', 'hashed_pwd', 'PLACEMENT_HEAD', NULL, True);
INSERT INTO users (id, email, university_reg_no, password_hash, role, department_id, is_active) VALUES (8, 'student1@college.edu', 'REG20221000', 'hashed_pwd', 'STUDENT', 5, True);
INSERT INTO users (id, email, university_reg_no, password_hash, role, department_id, is_active) VALUES (9, 'student2@college.edu', 'REG20221001', 'hashed_pwd', 'STUDENT', 4, True);
INSERT INTO users (id, email, university_reg_no, password_hash, role, department_id, is_active) VALUES (10, 'student3@college.edu', 'REG20221002', 'hashed_pwd', 'STUDENT', 8, True);
INSERT INTO users (id, email, university_reg_no, password_hash, role, department_id, is_active) VALUES (11, 'student4@college.edu', 'REG20221003', 'hashed_pwd', 'STUDENT', 1, True);
INSERT INTO users (id, email, university_reg_no, password_hash, role, department_id, is_active) VALUES (12, 'student5@college.edu', 'REG20221004', 'hashed_pwd', 'STUDENT', 8, True);
INSERT INTO users (id, email, university_reg_no, password_hash, role, department_id, is_active) VALUES (13, 'student6@college.edu', 'REG20221005', 'hashed_pwd', 'STUDENT', 8, True);
INSERT INTO users (id, email, university_reg_no, password_hash, role, department_id, is_active) VALUES (14, 'student7@college.edu', 'REG20221006', 'hashed_pwd', 'STUDENT', 5, True);
INSERT INTO users (id, email, university_reg_no, password_hash, role, department_id, is_active) VALUES (15, 'student8@college.edu', 'REG20221007', 'hashed_pwd', 'STUDENT', 3, True);
INSERT INTO users (id, email, university_reg_no, password_hash, role, department_id, is_active) VALUES (16, 'student9@college.edu', 'REG20221008', 'hashed_pwd', 'STUDENT', 6, True);
INSERT INTO users (id, email, university_reg_no, password_hash, role, department_id, is_active) VALUES (17, 'student10@college.edu', 'REG20221009', 'hashed_pwd', 'STUDENT', 5, True);
INSERT INTO users (id, email, university_reg_no, password_hash, role, department_id, is_active) VALUES (18, 'student11@college.edu', 'REG20221010', 'hashed_pwd', 'STUDENT', 8, True);
INSERT INTO users (id, email, university_reg_no, password_hash, role, department_id, is_active) VALUES (19, 'student12@college.edu', 'REG20221011', 'hashed_pwd', 'STUDENT', 7, True);
INSERT INTO users (id, email, university_reg_no, password_hash, role, department_id, is_active) VALUES (20, 'student13@college.edu', 'REG20221012', 'hashed_pwd', 'STUDENT', 3, True);
INSERT INTO users (id, email, university_reg_no, password_hash, role, department_id, is_active) VALUES (21, 'student14@college.edu', 'REG20221013', 'hashed_pwd', 'STUDENT', 6, True);
INSERT INTO users (id, email, university_reg_no, password_hash, role, department_id, is_active) VALUES (22, 'student15@college.edu', 'REG20221014', 'hashed_pwd', 'STUDENT', 6, True);
INSERT INTO users (id, email, university_reg_no, password_hash, role, department_id, is_active) VALUES (23, 'student16@college.edu', 'REG20221015', 'hashed_pwd', 'STUDENT', 2, True);
INSERT INTO users (id, email, university_reg_no, password_hash, role, department_id, is_active) VALUES (24, 'student17@college.edu', 'REG20221016', 'hashed_pwd', 'STUDENT', 7, True);
INSERT INTO users (id, email, university_reg_no, password_hash, role, department_id, is_active) VALUES (25, 'student18@college.edu', 'REG20221017', 'hashed_pwd', 'STUDENT', 4, True);
INSERT INTO users (id, email, university_reg_no, password_hash, role, department_id, is_active) VALUES (26, 'student19@college.edu', 'REG20221018', 'hashed_pwd', 'STUDENT', 8, True);
INSERT INTO users (id, email, university_reg_no, password_hash, role, department_id, is_active) VALUES (27, 'student20@college.edu', 'REG20221019', 'hashed_pwd', 'STUDENT', 6, True);
INSERT INTO users (id, email, university_reg_no, password_hash, role, department_id, is_active) VALUES (28, 'student21@college.edu', 'REG20221020', 'hashed_pwd', 'STUDENT', 6, True);
INSERT INTO users (id, email, university_reg_no, password_hash, role, department_id, is_active) VALUES (29, 'student22@college.edu', 'REG20221021', 'hashed_pwd', 'STUDENT', 2, True);
INSERT INTO users (id, email, university_reg_no, password_hash, role, department_id, is_active) VALUES (30, 'student23@college.edu', 'REG20221022', 'hashed_pwd', 'STUDENT', 4, True);
INSERT INTO users (id, email, university_reg_no, password_hash, role, department_id, is_active) VALUES (31, 'student24@college.edu', 'REG20221023', 'hashed_pwd', 'STUDENT', 5, True);
INSERT INTO users (id, email, university_reg_no, password_hash, role, department_id, is_active) VALUES (32, 'student25@college.edu', 'REG20221024', 'hashed_pwd', 'STUDENT', 5, True);
INSERT INTO users (id, email, university_reg_no, password_hash, role, department_id, is_active) VALUES (33, 'student26@college.edu', 'REG20221025', 'hashed_pwd', 'STUDENT', 2, True);
INSERT INTO users (id, email, university_reg_no, password_hash, role, department_id, is_active) VALUES (34, 'student27@college.edu', 'REG20221026', 'hashed_pwd', 'STUDENT', 4, True);
INSERT INTO users (id, email, university_reg_no, password_hash, role, department_id, is_active) VALUES (35, 'student28@college.edu', 'REG20221027', 'hashed_pwd', 'STUDENT', 8, True);
INSERT INTO users (id, email, university_reg_no, password_hash, role, department_id, is_active) VALUES (36, 'student29@college.edu', 'REG20221028', 'hashed_pwd', 'STUDENT', 6, True);
INSERT INTO users (id, email, university_reg_no, password_hash, role, department_id, is_active) VALUES (37, 'student30@college.edu', 'REG20221029', 'hashed_pwd', 'STUDENT', 7, True);
INSERT INTO users (id, email, university_reg_no, password_hash, role, department_id, is_active) VALUES (38, 'student31@college.edu', 'REG20221030', 'hashed_pwd', 'STUDENT', 1, True);
INSERT INTO users (id, email, university_reg_no, password_hash, role, department_id, is_active) VALUES (39, 'student32@college.edu', 'REG20221031', 'hashed_pwd', 'STUDENT', 4, True);
INSERT INTO users (id, email, university_reg_no, password_hash, role, department_id, is_active) VALUES (40, 'student33@college.edu', 'REG20221032', 'hashed_pwd', 'STUDENT', 4, True);
INSERT INTO users (id, email, university_reg_no, password_hash, role, department_id, is_active) VALUES (41, 'student34@college.edu', 'REG20221033', 'hashed_pwd', 'STUDENT', 2, True);
INSERT INTO users (id, email, university_reg_no, password_hash, role, department_id, is_active) VALUES (42, 'student35@college.edu', 'REG20221034', 'hashed_pwd', 'STUDENT', 7, True);
INSERT INTO users (id, email, university_reg_no, password_hash, role, department_id, is_active) VALUES (43, 'student36@college.edu', 'REG20221035', 'hashed_pwd', 'STUDENT', 6, True);
INSERT INTO users (id, email, university_reg_no, password_hash, role, department_id, is_active) VALUES (44, 'student37@college.edu', 'REG20221036', 'hashed_pwd', 'STUDENT', 5, True);
INSERT INTO users (id, email, university_reg_no, password_hash, role, department_id, is_active) VALUES (45, 'student38@college.edu', 'REG20221037', 'hashed_pwd', 'STUDENT', 6, True);
INSERT INTO users (id, email, university_reg_no, password_hash, role, department_id, is_active) VALUES (46, 'student39@college.edu', 'REG20221038', 'hashed_pwd', 'STUDENT', 6, True);
INSERT INTO users (id, email, university_reg_no, password_hash, role, department_id, is_active) VALUES (47, 'student40@college.edu', 'REG20221039', 'hashed_pwd', 'STUDENT', 3, True);
INSERT INTO users (id, email, university_reg_no, password_hash, role, department_id, is_active) VALUES (48, 'student41@college.edu', 'REG20221040', 'hashed_pwd', 'STUDENT', 3, True);
INSERT INTO users (id, email, university_reg_no, password_hash, role, department_id, is_active) VALUES (49, 'student42@college.edu', 'REG20221041', 'hashed_pwd', 'STUDENT', 4, True);
INSERT INTO users (id, email, university_reg_no, password_hash, role, department_id, is_active) VALUES (50, 'student43@college.edu', 'REG20221042', 'hashed_pwd', 'STUDENT', 8, True);
INSERT INTO users (id, email, university_reg_no, password_hash, role, department_id, is_active) VALUES (51, 'student44@college.edu', 'REG20221043', 'hashed_pwd', 'STUDENT', 2, True);
INSERT INTO users (id, email, university_reg_no, password_hash, role, department_id, is_active) VALUES (52, 'student45@college.edu', 'REG20221044', 'hashed_pwd', 'STUDENT', 2, True);
INSERT INTO users (id, email, university_reg_no, password_hash, role, department_id, is_active) VALUES (53, 'student46@college.edu', 'REG20221045', 'hashed_pwd', 'STUDENT', 4, True);
INSERT INTO users (id, email, university_reg_no, password_hash, role, department_id, is_active) VALUES (54, 'student47@college.edu', 'REG20221046', 'hashed_pwd', 'STUDENT', 2, True);
INSERT INTO users (id, email, university_reg_no, password_hash, role, department_id, is_active) VALUES (55, 'student48@college.edu', 'REG20221047', 'hashed_pwd', 'STUDENT', 2, True);
INSERT INTO users (id, email, university_reg_no, password_hash, role, department_id, is_active) VALUES (56, 'student49@college.edu', 'REG20221048', 'hashed_pwd', 'STUDENT', 8, True);
INSERT INTO users (id, email, university_reg_no, password_hash, role, department_id, is_active) VALUES (57, 'student50@college.edu', 'REG20221049', 'hashed_pwd', 'STUDENT', 6, True);

-- 3. Student Profiles
INSERT INTO student_profiles (id, user_id, roll_no, batch, resume_url, verification_status, is_locked, is_eligible_for_placements, interested_on_placement, is_placed, number_of_offers) VALUES (1, 8, 'ROLL1000', '2022-2026', 'https://s3.aws.com/resume/8.pdf', 'VERIFIED', False, True, True, False, 0);
INSERT INTO student_profiles (id, user_id, roll_no, batch, resume_url, verification_status, is_locked, is_eligible_for_placements, interested_on_placement, is_placed, number_of_offers) VALUES (2, 9, 'ROLL1001', '2022-2026', 'https://s3.aws.com/resume/9.pdf', 'REJECTED', False, True, True, False, 0);
INSERT INTO student_profiles (id, user_id, roll_no, batch, resume_url, verification_status, is_locked, is_eligible_for_placements, interested_on_placement, is_placed, number_of_offers) VALUES (3, 10, 'ROLL1002', '2022-2026', 'https://s3.aws.com/resume/10.pdf', 'PENDING', False, True, True, False, 0);
INSERT INTO student_profiles (id, user_id, roll_no, batch, resume_url, verification_status, is_locked, is_eligible_for_placements, interested_on_placement, is_placed, number_of_offers) VALUES (4, 11, 'ROLL1003', '2022-2026', 'https://s3.aws.com/resume/11.pdf', 'VERIFIED', False, True, True, False, 0);
INSERT INTO student_profiles (id, user_id, roll_no, batch, resume_url, verification_status, is_locked, is_eligible_for_placements, interested_on_placement, is_placed, number_of_offers) VALUES (5, 12, 'ROLL1004', '2022-2026', 'https://s3.aws.com/resume/12.pdf', 'VERIFIED', False, True, True, False, 0);
INSERT INTO student_profiles (id, user_id, roll_no, batch, resume_url, verification_status, is_locked, is_eligible_for_placements, interested_on_placement, is_placed, number_of_offers) VALUES (6, 13, 'ROLL1005', '2022-2026', 'https://s3.aws.com/resume/13.pdf', 'PENDING', False, True, True, False, 0);
INSERT INTO student_profiles (id, user_id, roll_no, batch, resume_url, verification_status, is_locked, is_eligible_for_placements, interested_on_placement, is_placed, number_of_offers) VALUES (7, 14, 'ROLL1006', '2022-2026', 'https://s3.aws.com/resume/14.pdf', 'VERIFIED', False, True, True, False, 0);
INSERT INTO student_profiles (id, user_id, roll_no, batch, resume_url, verification_status, is_locked, is_eligible_for_placements, interested_on_placement, is_placed, number_of_offers) VALUES (8, 15, 'ROLL1007', '2022-2026', 'https://s3.aws.com/resume/15.pdf', 'VERIFIED', False, True, True, False, 0);
INSERT INTO student_profiles (id, user_id, roll_no, batch, resume_url, verification_status, is_locked, is_eligible_for_placements, interested_on_placement, is_placed, number_of_offers) VALUES (9, 16, 'ROLL1008', '2022-2026', 'https://s3.aws.com/resume/16.pdf', 'VERIFIED', False, True, True, False, 0);
INSERT INTO student_profiles (id, user_id, roll_no, batch, resume_url, verification_status, is_locked, is_eligible_for_placements, interested_on_placement, is_placed, number_of_offers) VALUES (10, 17, 'ROLL1009', '2022-2026', 'https://s3.aws.com/resume/17.pdf', 'VERIFIED', False, True, True, False, 0);
INSERT INTO student_profiles (id, user_id, roll_no, batch, resume_url, verification_status, is_locked, is_eligible_for_placements, interested_on_placement, is_placed, number_of_offers) VALUES (11, 18, 'ROLL1010', '2022-2026', 'https://s3.aws.com/resume/18.pdf', 'REJECTED', False, True, True, False, 0);
INSERT INTO student_profiles (id, user_id, roll_no, batch, resume_url, verification_status, is_locked, is_eligible_for_placements, interested_on_placement, is_placed, number_of_offers) VALUES (12, 19, 'ROLL1011', '2022-2026', 'https://s3.aws.com/resume/19.pdf', 'REJECTED', False, True, True, False, 0);
INSERT INTO student_profiles (id, user_id, roll_no, batch, resume_url, verification_status, is_locked, is_eligible_for_placements, interested_on_placement, is_placed, number_of_offers) VALUES (13, 20, 'ROLL1012', '2022-2026', 'https://s3.aws.com/resume/20.pdf', 'PENDING', False, True, True, False, 0);
INSERT INTO student_profiles (id, user_id, roll_no, batch, resume_url, verification_status, is_locked, is_eligible_for_placements, interested_on_placement, is_placed, number_of_offers) VALUES (14, 21, 'ROLL1013', '2022-2026', 'https://s3.aws.com/resume/21.pdf', 'PENDING', False, True, True, False, 0);
INSERT INTO student_profiles (id, user_id, roll_no, batch, resume_url, verification_status, is_locked, is_eligible_for_placements, interested_on_placement, is_placed, number_of_offers) VALUES (15, 22, 'ROLL1014', '2022-2026', 'https://s3.aws.com/resume/22.pdf', 'PENDING', False, True, True, False, 0);
INSERT INTO student_profiles (id, user_id, roll_no, batch, resume_url, verification_status, is_locked, is_eligible_for_placements, interested_on_placement, is_placed, number_of_offers) VALUES (16, 23, 'ROLL1015', '2022-2026', 'https://s3.aws.com/resume/23.pdf', 'PENDING', False, True, True, False, 0);
INSERT INTO student_profiles (id, user_id, roll_no, batch, resume_url, verification_status, is_locked, is_eligible_for_placements, interested_on_placement, is_placed, number_of_offers) VALUES (17, 24, 'ROLL1016', '2022-2026', 'https://s3.aws.com/resume/24.pdf', 'PENDING', False, True, True, False, 0);
INSERT INTO student_profiles (id, user_id, roll_no, batch, resume_url, verification_status, is_locked, is_eligible_for_placements, interested_on_placement, is_placed, number_of_offers) VALUES (18, 25, 'ROLL1017', '2022-2026', 'https://s3.aws.com/resume/25.pdf', 'VERIFIED', False, True, True, False, 0);
INSERT INTO student_profiles (id, user_id, roll_no, batch, resume_url, verification_status, is_locked, is_eligible_for_placements, interested_on_placement, is_placed, number_of_offers) VALUES (19, 26, 'ROLL1018', '2022-2026', 'https://s3.aws.com/resume/26.pdf', 'PENDING', False, True, True, False, 0);
INSERT INTO student_profiles (id, user_id, roll_no, batch, resume_url, verification_status, is_locked, is_eligible_for_placements, interested_on_placement, is_placed, number_of_offers) VALUES (20, 27, 'ROLL1019', '2022-2026', 'https://s3.aws.com/resume/27.pdf', 'VERIFIED', False, True, True, False, 0);
INSERT INTO student_profiles (id, user_id, roll_no, batch, resume_url, verification_status, is_locked, is_eligible_for_placements, interested_on_placement, is_placed, number_of_offers) VALUES (21, 28, 'ROLL1020', '2022-2026', 'https://s3.aws.com/resume/28.pdf', 'PENDING', False, True, True, False, 0);
INSERT INTO student_profiles (id, user_id, roll_no, batch, resume_url, verification_status, is_locked, is_eligible_for_placements, interested_on_placement, is_placed, number_of_offers) VALUES (22, 29, 'ROLL1021', '2022-2026', 'https://s3.aws.com/resume/29.pdf', 'VERIFIED', False, True, True, False, 0);
INSERT INTO student_profiles (id, user_id, roll_no, batch, resume_url, verification_status, is_locked, is_eligible_for_placements, interested_on_placement, is_placed, number_of_offers) VALUES (23, 30, 'ROLL1022', '2022-2026', 'https://s3.aws.com/resume/30.pdf', 'VERIFIED', False, True, True, False, 0);
INSERT INTO student_profiles (id, user_id, roll_no, batch, resume_url, verification_status, is_locked, is_eligible_for_placements, interested_on_placement, is_placed, number_of_offers) VALUES (24, 31, 'ROLL1023', '2022-2026', 'https://s3.aws.com/resume/31.pdf', 'PENDING', False, True, True, False, 0);
INSERT INTO student_profiles (id, user_id, roll_no, batch, resume_url, verification_status, is_locked, is_eligible_for_placements, interested_on_placement, is_placed, number_of_offers) VALUES (25, 32, 'ROLL1024', '2022-2026', 'https://s3.aws.com/resume/32.pdf', 'VERIFIED', False, True, True, False, 0);
INSERT INTO student_profiles (id, user_id, roll_no, batch, resume_url, verification_status, is_locked, is_eligible_for_placements, interested_on_placement, is_placed, number_of_offers) VALUES (26, 33, 'ROLL1025', '2022-2026', 'https://s3.aws.com/resume/33.pdf', 'PENDING', False, True, True, False, 0);
INSERT INTO student_profiles (id, user_id, roll_no, batch, resume_url, verification_status, is_locked, is_eligible_for_placements, interested_on_placement, is_placed, number_of_offers) VALUES (27, 34, 'ROLL1026', '2022-2026', 'https://s3.aws.com/resume/34.pdf', 'PENDING', False, True, True, False, 0);
INSERT INTO student_profiles (id, user_id, roll_no, batch, resume_url, verification_status, is_locked, is_eligible_for_placements, interested_on_placement, is_placed, number_of_offers) VALUES (28, 35, 'ROLL1027', '2022-2026', 'https://s3.aws.com/resume/35.pdf', 'PENDING', False, True, True, False, 0);
INSERT INTO student_profiles (id, user_id, roll_no, batch, resume_url, verification_status, is_locked, is_eligible_for_placements, interested_on_placement, is_placed, number_of_offers) VALUES (29, 36, 'ROLL1028', '2022-2026', 'https://s3.aws.com/resume/36.pdf', 'REJECTED', False, True, True, False, 0);
INSERT INTO student_profiles (id, user_id, roll_no, batch, resume_url, verification_status, is_locked, is_eligible_for_placements, interested_on_placement, is_placed, number_of_offers) VALUES (30, 37, 'ROLL1029', '2022-2026', 'https://s3.aws.com/resume/37.pdf', 'VERIFIED', False, True, True, False, 0);
INSERT INTO student_profiles (id, user_id, roll_no, batch, resume_url, verification_status, is_locked, is_eligible_for_placements, interested_on_placement, is_placed, number_of_offers) VALUES (31, 38, 'ROLL1030', '2022-2026', 'https://s3.aws.com/resume/38.pdf', 'VERIFIED', False, True, True, False, 0);
INSERT INTO student_profiles (id, user_id, roll_no, batch, resume_url, verification_status, is_locked, is_eligible_for_placements, interested_on_placement, is_placed, number_of_offers) VALUES (32, 39, 'ROLL1031', '2022-2026', 'https://s3.aws.com/resume/39.pdf', 'REJECTED', False, True, True, False, 0);
INSERT INTO student_profiles (id, user_id, roll_no, batch, resume_url, verification_status, is_locked, is_eligible_for_placements, interested_on_placement, is_placed, number_of_offers) VALUES (33, 40, 'ROLL1032', '2022-2026', 'https://s3.aws.com/resume/40.pdf', 'PENDING', False, True, True, False, 0);
INSERT INTO student_profiles (id, user_id, roll_no, batch, resume_url, verification_status, is_locked, is_eligible_for_placements, interested_on_placement, is_placed, number_of_offers) VALUES (34, 41, 'ROLL1033', '2022-2026', 'https://s3.aws.com/resume/41.pdf', 'PENDING', False, True, True, False, 0);
INSERT INTO student_profiles (id, user_id, roll_no, batch, resume_url, verification_status, is_locked, is_eligible_for_placements, interested_on_placement, is_placed, number_of_offers) VALUES (35, 42, 'ROLL1034', '2022-2026', 'https://s3.aws.com/resume/42.pdf', 'VERIFIED', False, True, True, False, 0);
INSERT INTO student_profiles (id, user_id, roll_no, batch, resume_url, verification_status, is_locked, is_eligible_for_placements, interested_on_placement, is_placed, number_of_offers) VALUES (36, 43, 'ROLL1035', '2022-2026', 'https://s3.aws.com/resume/43.pdf', 'REJECTED', False, True, True, False, 0);
INSERT INTO student_profiles (id, user_id, roll_no, batch, resume_url, verification_status, is_locked, is_eligible_for_placements, interested_on_placement, is_placed, number_of_offers) VALUES (37, 44, 'ROLL1036', '2022-2026', 'https://s3.aws.com/resume/44.pdf', 'REJECTED', False, True, True, False, 0);
INSERT INTO student_profiles (id, user_id, roll_no, batch, resume_url, verification_status, is_locked, is_eligible_for_placements, interested_on_placement, is_placed, number_of_offers) VALUES (38, 45, 'ROLL1037', '2022-2026', 'https://s3.aws.com/resume/45.pdf', 'PENDING', False, True, True, False, 0);
INSERT INTO student_profiles (id, user_id, roll_no, batch, resume_url, verification_status, is_locked, is_eligible_for_placements, interested_on_placement, is_placed, number_of_offers) VALUES (39, 46, 'ROLL1038', '2022-2026', 'https://s3.aws.com/resume/46.pdf', 'VERIFIED', False, True, True, False, 0);
INSERT INTO student_profiles (id, user_id, roll_no, batch, resume_url, verification_status, is_locked, is_eligible_for_placements, interested_on_placement, is_placed, number_of_offers) VALUES (40, 47, 'ROLL1039', '2022-2026', 'https://s3.aws.com/resume/47.pdf', 'PENDING', False, True, True, False, 0);
INSERT INTO student_profiles (id, user_id, roll_no, batch, resume_url, verification_status, is_locked, is_eligible_for_placements, interested_on_placement, is_placed, number_of_offers) VALUES (41, 48, 'ROLL1040', '2022-2026', 'https://s3.aws.com/resume/48.pdf', 'REJECTED', False, True, True, False, 0);
INSERT INTO student_profiles (id, user_id, roll_no, batch, resume_url, verification_status, is_locked, is_eligible_for_placements, interested_on_placement, is_placed, number_of_offers) VALUES (42, 49, 'ROLL1041', '2022-2026', 'https://s3.aws.com/resume/49.pdf', 'VERIFIED', False, True, True, False, 0);
INSERT INTO student_profiles (id, user_id, roll_no, batch, resume_url, verification_status, is_locked, is_eligible_for_placements, interested_on_placement, is_placed, number_of_offers) VALUES (43, 50, 'ROLL1042', '2022-2026', 'https://s3.aws.com/resume/50.pdf', 'VERIFIED', False, True, True, False, 0);
INSERT INTO student_profiles (id, user_id, roll_no, batch, resume_url, verification_status, is_locked, is_eligible_for_placements, interested_on_placement, is_placed, number_of_offers) VALUES (44, 51, 'ROLL1043', '2022-2026', 'https://s3.aws.com/resume/51.pdf', 'VERIFIED', False, True, True, False, 0);
INSERT INTO student_profiles (id, user_id, roll_no, batch, resume_url, verification_status, is_locked, is_eligible_for_placements, interested_on_placement, is_placed, number_of_offers) VALUES (45, 52, 'ROLL1044', '2022-2026', 'https://s3.aws.com/resume/52.pdf', 'VERIFIED', False, True, True, False, 0);
INSERT INTO student_profiles (id, user_id, roll_no, batch, resume_url, verification_status, is_locked, is_eligible_for_placements, interested_on_placement, is_placed, number_of_offers) VALUES (46, 53, 'ROLL1045', '2022-2026', 'https://s3.aws.com/resume/53.pdf', 'PENDING', False, True, True, False, 0);
INSERT INTO student_profiles (id, user_id, roll_no, batch, resume_url, verification_status, is_locked, is_eligible_for_placements, interested_on_placement, is_placed, number_of_offers) VALUES (47, 54, 'ROLL1046', '2022-2026', 'https://s3.aws.com/resume/54.pdf', 'VERIFIED', False, True, True, False, 0);
INSERT INTO student_profiles (id, user_id, roll_no, batch, resume_url, verification_status, is_locked, is_eligible_for_placements, interested_on_placement, is_placed, number_of_offers) VALUES (48, 55, 'ROLL1047', '2022-2026', 'https://s3.aws.com/resume/55.pdf', 'REJECTED', False, True, True, False, 0);
INSERT INTO student_profiles (id, user_id, roll_no, batch, resume_url, verification_status, is_locked, is_eligible_for_placements, interested_on_placement, is_placed, number_of_offers) VALUES (49, 56, 'ROLL1048', '2022-2026', 'https://s3.aws.com/resume/56.pdf', 'PENDING', False, True, True, False, 0);
INSERT INTO student_profiles (id, user_id, roll_no, batch, resume_url, verification_status, is_locked, is_eligible_for_placements, interested_on_placement, is_placed, number_of_offers) VALUES (50, 57, 'ROLL1049', '2022-2026', 'https://s3.aws.com/resume/57.pdf', 'VERIFIED', False, True, True, False, 0);

-- 4. Student Personal Details
INSERT INTO student_personal_details (student_id, first_name, last_name, father_name, mother_name, father_occupation, mother_occupation, gender, community, date_of_birth, hosteler_or_day_scholar, bio) VALUES (1, 'Vikram', 'Singh', 'Vikram Sr.', 'Singh Mrs.', 'Engineer', 'Teacher', 'FEMALE', 'OBC', '2004-05-15', 'HOSTELER', 'Enthusiastic learner.');
INSERT INTO student_personal_details (student_id, first_name, last_name, father_name, mother_name, father_occupation, mother_occupation, gender, community, date_of_birth, hosteler_or_day_scholar, bio) VALUES (2, 'Sneha', 'Singh', 'Sneha Sr.', 'Singh Mrs.', 'Engineer', 'Teacher', 'MALE', 'OBC', '2004-05-15', 'HOSTELER', 'Enthusiastic learner.');
INSERT INTO student_personal_details (student_id, first_name, last_name, father_name, mother_name, father_occupation, mother_occupation, gender, community, date_of_birth, hosteler_or_day_scholar, bio) VALUES (3, 'Anjali', 'Kumar', 'Anjali Sr.', 'Kumar Mrs.', 'Engineer', 'Teacher', 'MALE', 'OBC', '2004-05-15', 'HOSTELER', 'Enthusiastic learner.');
INSERT INTO student_personal_details (student_id, first_name, last_name, father_name, mother_name, father_occupation, mother_occupation, gender, community, date_of_birth, hosteler_or_day_scholar, bio) VALUES (4, 'Rohan', 'Patel', 'Rohan Sr.', 'Patel Mrs.', 'Engineer', 'Teacher', 'FEMALE', 'OBC', '2004-05-15', 'HOSTELER', 'Enthusiastic learner.');
INSERT INTO student_personal_details (student_id, first_name, last_name, father_name, mother_name, father_occupation, mother_occupation, gender, community, date_of_birth, hosteler_or_day_scholar, bio) VALUES (5, 'Arjun', 'Singh', 'Arjun Sr.', 'Singh Mrs.', 'Engineer', 'Teacher', 'MALE', 'OBC', '2004-05-15', 'HOSTELER', 'Enthusiastic learner.');
INSERT INTO student_personal_details (student_id, first_name, last_name, father_name, mother_name, father_occupation, mother_occupation, gender, community, date_of_birth, hosteler_or_day_scholar, bio) VALUES (6, 'Amit', 'Das', 'Amit Sr.', 'Das Mrs.', 'Engineer', 'Teacher', 'MALE', 'OBC', '2004-05-15', 'HOSTELER', 'Enthusiastic learner.');
INSERT INTO student_personal_details (student_id, first_name, last_name, father_name, mother_name, father_occupation, mother_occupation, gender, community, date_of_birth, hosteler_or_day_scholar, bio) VALUES (7, 'Amit', 'Sharma', 'Amit Sr.', 'Sharma Mrs.', 'Engineer', 'Teacher', 'MALE', 'OBC', '2004-05-15', 'HOSTELER', 'Enthusiastic learner.');
INSERT INTO student_personal_details (student_id, first_name, last_name, father_name, mother_name, father_occupation, mother_occupation, gender, community, date_of_birth, hosteler_or_day_scholar, bio) VALUES (8, 'Vikram', 'Sharma', 'Vikram Sr.', 'Sharma Mrs.', 'Engineer', 'Teacher', 'MALE', 'OBC', '2004-05-15', 'HOSTELER', 'Enthusiastic learner.');
INSERT INTO student_personal_details (student_id, first_name, last_name, father_name, mother_name, father_occupation, mother_occupation, gender, community, date_of_birth, hosteler_or_day_scholar, bio) VALUES (9, 'Amit', 'Patel', 'Amit Sr.', 'Patel Mrs.', 'Engineer', 'Teacher', 'MALE', 'OBC', '2004-05-15', 'HOSTELER', 'Enthusiastic learner.');
INSERT INTO student_personal_details (student_id, first_name, last_name, father_name, mother_name, father_occupation, mother_occupation, gender, community, date_of_birth, hosteler_or_day_scholar, bio) VALUES (10, 'Arjun', 'Rao', 'Arjun Sr.', 'Rao Mrs.', 'Engineer', 'Teacher', 'MALE', 'OBC', '2004-05-15', 'HOSTELER', 'Enthusiastic learner.');
INSERT INTO student_personal_details (student_id, first_name, last_name, father_name, mother_name, father_occupation, mother_occupation, gender, community, date_of_birth, hosteler_or_day_scholar, bio) VALUES (11, 'Rahul', 'Gupta', 'Rahul Sr.', 'Gupta Mrs.', 'Engineer', 'Teacher', 'MALE', 'OBC', '2004-05-15', 'HOSTELER', 'Enthusiastic learner.');
INSERT INTO student_personal_details (student_id, first_name, last_name, father_name, mother_name, father_occupation, mother_occupation, gender, community, date_of_birth, hosteler_or_day_scholar, bio) VALUES (12, 'Anjali', 'Gupta', 'Anjali Sr.', 'Gupta Mrs.', 'Engineer', 'Teacher', 'MALE', 'OBC', '2004-05-15', 'HOSTELER', 'Enthusiastic learner.');
INSERT INTO student_personal_details (student_id, first_name, last_name, father_name, mother_name, father_occupation, mother_occupation, gender, community, date_of_birth, hosteler_or_day_scholar, bio) VALUES (13, 'Arjun', 'Rao', 'Arjun Sr.', 'Rao Mrs.', 'Engineer', 'Teacher', 'MALE', 'OBC', '2004-05-15', 'HOSTELER', 'Enthusiastic learner.');
INSERT INTO student_personal_details (student_id, first_name, last_name, father_name, mother_name, father_occupation, mother_occupation, gender, community, date_of_birth, hosteler_or_day_scholar, bio) VALUES (14, 'Anjali', 'Singh', 'Anjali Sr.', 'Singh Mrs.', 'Engineer', 'Teacher', 'FEMALE', 'OBC', '2004-05-15', 'HOSTELER', 'Enthusiastic learner.');
INSERT INTO student_personal_details (student_id, first_name, last_name, father_name, mother_name, father_occupation, mother_occupation, gender, community, date_of_birth, hosteler_or_day_scholar, bio) VALUES (15, 'Amit', 'Reddy', 'Amit Sr.', 'Reddy Mrs.', 'Engineer', 'Teacher', 'MALE', 'OBC', '2004-05-15', 'HOSTELER', 'Enthusiastic learner.');
INSERT INTO student_personal_details (student_id, first_name, last_name, father_name, mother_name, father_occupation, mother_occupation, gender, community, date_of_birth, hosteler_or_day_scholar, bio) VALUES (16, 'Amit', 'Das', 'Amit Sr.', 'Das Mrs.', 'Engineer', 'Teacher', 'FEMALE', 'OBC', '2004-05-15', 'HOSTELER', 'Enthusiastic learner.');
INSERT INTO student_personal_details (student_id, first_name, last_name, father_name, mother_name, father_occupation, mother_occupation, gender, community, date_of_birth, hosteler_or_day_scholar, bio) VALUES (17, 'Amit', 'Singh', 'Amit Sr.', 'Singh Mrs.', 'Engineer', 'Teacher', 'MALE', 'OBC', '2004-05-15', 'HOSTELER', 'Enthusiastic learner.');
INSERT INTO student_personal_details (student_id, first_name, last_name, father_name, mother_name, father_occupation, mother_occupation, gender, community, date_of_birth, hosteler_or_day_scholar, bio) VALUES (18, 'Arjun', 'Das', 'Arjun Sr.', 'Das Mrs.', 'Engineer', 'Teacher', 'FEMALE', 'OBC', '2004-05-15', 'HOSTELER', 'Enthusiastic learner.');
INSERT INTO student_personal_details (student_id, first_name, last_name, father_name, mother_name, father_occupation, mother_occupation, gender, community, date_of_birth, hosteler_or_day_scholar, bio) VALUES (19, 'Rahul', 'Gupta', 'Rahul Sr.', 'Gupta Mrs.', 'Engineer', 'Teacher', 'MALE', 'OBC', '2004-05-15', 'HOSTELER', 'Enthusiastic learner.');
INSERT INTO student_personal_details (student_id, first_name, last_name, father_name, mother_name, father_occupation, mother_occupation, gender, community, date_of_birth, hosteler_or_day_scholar, bio) VALUES (20, 'Neha', 'Kumar', 'Neha Sr.', 'Kumar Mrs.', 'Engineer', 'Teacher', 'FEMALE', 'OBC', '2004-05-15', 'HOSTELER', 'Enthusiastic learner.');
INSERT INTO student_personal_details (student_id, first_name, last_name, father_name, mother_name, father_occupation, mother_occupation, gender, community, date_of_birth, hosteler_or_day_scholar, bio) VALUES (21, 'Vikram', 'Gupta', 'Vikram Sr.', 'Gupta Mrs.', 'Engineer', 'Teacher', 'FEMALE', 'OBC', '2004-05-15', 'HOSTELER', 'Enthusiastic learner.');
INSERT INTO student_personal_details (student_id, first_name, last_name, father_name, mother_name, father_occupation, mother_occupation, gender, community, date_of_birth, hosteler_or_day_scholar, bio) VALUES (22, 'Vikram', 'Rao', 'Vikram Sr.', 'Rao Mrs.', 'Engineer', 'Teacher', 'FEMALE', 'OBC', '2004-05-15', 'HOSTELER', 'Enthusiastic learner.');
INSERT INTO student_personal_details (student_id, first_name, last_name, father_name, mother_name, father_occupation, mother_occupation, gender, community, date_of_birth, hosteler_or_day_scholar, bio) VALUES (23, 'Vikram', 'Kumar', 'Vikram Sr.', 'Kumar Mrs.', 'Engineer', 'Teacher', 'FEMALE', 'OBC', '2004-05-15', 'HOSTELER', 'Enthusiastic learner.');
INSERT INTO student_personal_details (student_id, first_name, last_name, father_name, mother_name, father_occupation, mother_occupation, gender, community, date_of_birth, hosteler_or_day_scholar, bio) VALUES (24, 'Anjali', 'Das', 'Anjali Sr.', 'Das Mrs.', 'Engineer', 'Teacher', 'FEMALE', 'OBC', '2004-05-15', 'HOSTELER', 'Enthusiastic learner.');
INSERT INTO student_personal_details (student_id, first_name, last_name, father_name, mother_name, father_occupation, mother_occupation, gender, community, date_of_birth, hosteler_or_day_scholar, bio) VALUES (25, 'Sneha', 'Rao', 'Sneha Sr.', 'Rao Mrs.', 'Engineer', 'Teacher', 'MALE', 'OBC', '2004-05-15', 'HOSTELER', 'Enthusiastic learner.');
INSERT INTO student_personal_details (student_id, first_name, last_name, father_name, mother_name, father_occupation, mother_occupation, gender, community, date_of_birth, hosteler_or_day_scholar, bio) VALUES (26, 'Neha', 'Verma', 'Neha Sr.', 'Verma Mrs.', 'Engineer', 'Teacher', 'MALE', 'OBC', '2004-05-15', 'HOSTELER', 'Enthusiastic learner.');
INSERT INTO student_personal_details (student_id, first_name, last_name, father_name, mother_name, father_occupation, mother_occupation, gender, community, date_of_birth, hosteler_or_day_scholar, bio) VALUES (27, 'Sneha', 'Patel', 'Sneha Sr.', 'Patel Mrs.', 'Engineer', 'Teacher', 'FEMALE', 'OBC', '2004-05-15', 'HOSTELER', 'Enthusiastic learner.');
INSERT INTO student_personal_details (student_id, first_name, last_name, father_name, mother_name, father_occupation, mother_occupation, gender, community, date_of_birth, hosteler_or_day_scholar, bio) VALUES (28, 'Arjun', 'Das', 'Arjun Sr.', 'Das Mrs.', 'Engineer', 'Teacher', 'FEMALE', 'OBC', '2004-05-15', 'HOSTELER', 'Enthusiastic learner.');
INSERT INTO student_personal_details (student_id, first_name, last_name, father_name, mother_name, father_occupation, mother_occupation, gender, community, date_of_birth, hosteler_or_day_scholar, bio) VALUES (29, 'Amit', 'Kumar', 'Amit Sr.', 'Kumar Mrs.', 'Engineer', 'Teacher', 'FEMALE', 'OBC', '2004-05-15', 'HOSTELER', 'Enthusiastic learner.');
INSERT INTO student_personal_details (student_id, first_name, last_name, father_name, mother_name, father_occupation, mother_occupation, gender, community, date_of_birth, hosteler_or_day_scholar, bio) VALUES (30, 'Priya', 'Sharma', 'Priya Sr.', 'Sharma Mrs.', 'Engineer', 'Teacher', 'MALE', 'OBC', '2004-05-15', 'HOSTELER', 'Enthusiastic learner.');
INSERT INTO student_personal_details (student_id, first_name, last_name, father_name, mother_name, father_occupation, mother_occupation, gender, community, date_of_birth, hosteler_or_day_scholar, bio) VALUES (31, 'Sneha', 'Kumar', 'Sneha Sr.', 'Kumar Mrs.', 'Engineer', 'Teacher', 'MALE', 'OBC', '2004-05-15', 'HOSTELER', 'Enthusiastic learner.');
INSERT INTO student_personal_details (student_id, first_name, last_name, father_name, mother_name, father_occupation, mother_occupation, gender, community, date_of_birth, hosteler_or_day_scholar, bio) VALUES (32, 'Vikram', 'Rao', 'Vikram Sr.', 'Rao Mrs.', 'Engineer', 'Teacher', 'MALE', 'OBC', '2004-05-15', 'HOSTELER', 'Enthusiastic learner.');
INSERT INTO student_personal_details (student_id, first_name, last_name, father_name, mother_name, father_occupation, mother_occupation, gender, community, date_of_birth, hosteler_or_day_scholar, bio) VALUES (33, 'Rahul', 'Sharma', 'Rahul Sr.', 'Sharma Mrs.', 'Engineer', 'Teacher', 'FEMALE', 'OBC', '2004-05-15', 'HOSTELER', 'Enthusiastic learner.');
INSERT INTO student_personal_details (student_id, first_name, last_name, father_name, mother_name, father_occupation, mother_occupation, gender, community, date_of_birth, hosteler_or_day_scholar, bio) VALUES (34, 'Sneha', 'Gupta', 'Sneha Sr.', 'Gupta Mrs.', 'Engineer', 'Teacher', 'MALE', 'OBC', '2004-05-15', 'HOSTELER', 'Enthusiastic learner.');
INSERT INTO student_personal_details (student_id, first_name, last_name, father_name, mother_name, father_occupation, mother_occupation, gender, community, date_of_birth, hosteler_or_day_scholar, bio) VALUES (35, 'Amit', 'Gupta', 'Amit Sr.', 'Gupta Mrs.', 'Engineer', 'Teacher', 'FEMALE', 'OBC', '2004-05-15', 'HOSTELER', 'Enthusiastic learner.');
INSERT INTO student_personal_details (student_id, first_name, last_name, father_name, mother_name, father_occupation, mother_occupation, gender, community, date_of_birth, hosteler_or_day_scholar, bio) VALUES (36, 'Amit', 'Sharma', 'Amit Sr.', 'Sharma Mrs.', 'Engineer', 'Teacher', 'MALE', 'OBC', '2004-05-15', 'HOSTELER', 'Enthusiastic learner.');
INSERT INTO student_personal_details (student_id, first_name, last_name, father_name, mother_name, father_occupation, mother_occupation, gender, community, date_of_birth, hosteler_or_day_scholar, bio) VALUES (37, 'Arjun', 'Patel', 'Arjun Sr.', 'Patel Mrs.', 'Engineer', 'Teacher', 'FEMALE', 'OBC', '2004-05-15', 'HOSTELER', 'Enthusiastic learner.');
INSERT INTO student_personal_details (student_id, first_name, last_name, father_name, mother_name, father_occupation, mother_occupation, gender, community, date_of_birth, hosteler_or_day_scholar, bio) VALUES (38, 'Sneha', 'Singh', 'Sneha Sr.', 'Singh Mrs.', 'Engineer', 'Teacher', 'MALE', 'OBC', '2004-05-15', 'HOSTELER', 'Enthusiastic learner.');
INSERT INTO student_personal_details (student_id, first_name, last_name, father_name, mother_name, father_occupation, mother_occupation, gender, community, date_of_birth, hosteler_or_day_scholar, bio) VALUES (39, 'Vikram', 'Rao', 'Vikram Sr.', 'Rao Mrs.', 'Engineer', 'Teacher', 'FEMALE', 'OBC', '2004-05-15', 'HOSTELER', 'Enthusiastic learner.');
INSERT INTO student_personal_details (student_id, first_name, last_name, father_name, mother_name, father_occupation, mother_occupation, gender, community, date_of_birth, hosteler_or_day_scholar, bio) VALUES (40, 'Kavita', 'Patel', 'Kavita Sr.', 'Patel Mrs.', 'Engineer', 'Teacher', 'FEMALE', 'OBC', '2004-05-15', 'HOSTELER', 'Enthusiastic learner.');
INSERT INTO student_personal_details (student_id, first_name, last_name, father_name, mother_name, father_occupation, mother_occupation, gender, community, date_of_birth, hosteler_or_day_scholar, bio) VALUES (41, 'Rohan', 'Kumar', 'Rohan Sr.', 'Kumar Mrs.', 'Engineer', 'Teacher', 'FEMALE', 'OBC', '2004-05-15', 'HOSTELER', 'Enthusiastic learner.');
INSERT INTO student_personal_details (student_id, first_name, last_name, father_name, mother_name, father_occupation, mother_occupation, gender, community, date_of_birth, hosteler_or_day_scholar, bio) VALUES (42, 'Neha', 'Kumar', 'Neha Sr.', 'Kumar Mrs.', 'Engineer', 'Teacher', 'MALE', 'OBC', '2004-05-15', 'HOSTELER', 'Enthusiastic learner.');
INSERT INTO student_personal_details (student_id, first_name, last_name, father_name, mother_name, father_occupation, mother_occupation, gender, community, date_of_birth, hosteler_or_day_scholar, bio) VALUES (43, 'Vikram', 'Rao', 'Vikram Sr.', 'Rao Mrs.', 'Engineer', 'Teacher', 'FEMALE', 'OBC', '2004-05-15', 'HOSTELER', 'Enthusiastic learner.');
INSERT INTO student_personal_details (student_id, first_name, last_name, father_name, mother_name, father_occupation, mother_occupation, gender, community, date_of_birth, hosteler_or_day_scholar, bio) VALUES (44, 'Neha', 'Singh', 'Neha Sr.', 'Singh Mrs.', 'Engineer', 'Teacher', 'MALE', 'OBC', '2004-05-15', 'HOSTELER', 'Enthusiastic learner.');
INSERT INTO student_personal_details (student_id, first_name, last_name, father_name, mother_name, father_occupation, mother_occupation, gender, community, date_of_birth, hosteler_or_day_scholar, bio) VALUES (45, 'Arjun', 'Rao', 'Arjun Sr.', 'Rao Mrs.', 'Engineer', 'Teacher', 'MALE', 'OBC', '2004-05-15', 'HOSTELER', 'Enthusiastic learner.');
INSERT INTO student_personal_details (student_id, first_name, last_name, father_name, mother_name, father_occupation, mother_occupation, gender, community, date_of_birth, hosteler_or_day_scholar, bio) VALUES (46, 'Neha', 'Sharma', 'Neha Sr.', 'Sharma Mrs.', 'Engineer', 'Teacher', 'FEMALE', 'OBC', '2004-05-15', 'HOSTELER', 'Enthusiastic learner.');
INSERT INTO student_personal_details (student_id, first_name, last_name, father_name, mother_name, father_occupation, mother_occupation, gender, community, date_of_birth, hosteler_or_day_scholar, bio) VALUES (47, 'Sneha', 'Das', 'Sneha Sr.', 'Das Mrs.', 'Engineer', 'Teacher', 'MALE', 'OBC', '2004-05-15', 'HOSTELER', 'Enthusiastic learner.');
INSERT INTO student_personal_details (student_id, first_name, last_name, father_name, mother_name, father_occupation, mother_occupation, gender, community, date_of_birth, hosteler_or_day_scholar, bio) VALUES (48, 'Rahul', 'Sharma', 'Rahul Sr.', 'Sharma Mrs.', 'Engineer', 'Teacher', 'FEMALE', 'OBC', '2004-05-15', 'HOSTELER', 'Enthusiastic learner.');
INSERT INTO student_personal_details (student_id, first_name, last_name, father_name, mother_name, father_occupation, mother_occupation, gender, community, date_of_birth, hosteler_or_day_scholar, bio) VALUES (49, 'Rahul', 'Gupta', 'Rahul Sr.', 'Gupta Mrs.', 'Engineer', 'Teacher', 'MALE', 'OBC', '2004-05-15', 'HOSTELER', 'Enthusiastic learner.');
INSERT INTO student_personal_details (student_id, first_name, last_name, father_name, mother_name, father_occupation, mother_occupation, gender, community, date_of_birth, hosteler_or_day_scholar, bio) VALUES (50, 'Priya', 'Patel', 'Priya Sr.', 'Patel Mrs.', 'Engineer', 'Teacher', 'MALE', 'OBC', '2004-05-15', 'HOSTELER', 'Enthusiastic learner.');

-- 5. Student Contact Details
INSERT INTO student_contact_details (student_id, alternate_email, student_mobile1, student_mobile2, parent_mobile, landline_no, full_address, city, state, pincode) VALUES (1, 'alt1@gmail.com', '9876543210', '9876543211', '9876543212', '044-2435678', '123 Main St', 'Chennai', 'Tamil Nadu', '600001');
INSERT INTO student_contact_details (student_id, alternate_email, student_mobile1, student_mobile2, parent_mobile, landline_no, full_address, city, state, pincode) VALUES (2, 'alt2@gmail.com', '9876543210', '9876543211', '9876543212', '044-2435678', '123 Main St', 'Chennai', 'Tamil Nadu', '600001');
INSERT INTO student_contact_details (student_id, alternate_email, student_mobile1, student_mobile2, parent_mobile, landline_no, full_address, city, state, pincode) VALUES (3, 'alt3@gmail.com', '9876543210', '9876543211', '9876543212', '044-2435678', '123 Main St', 'Chennai', 'Tamil Nadu', '600001');
INSERT INTO student_contact_details (student_id, alternate_email, student_mobile1, student_mobile2, parent_mobile, landline_no, full_address, city, state, pincode) VALUES (4, 'alt4@gmail.com', '9876543210', '9876543211', '9876543212', '044-2435678', '123 Main St', 'Chennai', 'Tamil Nadu', '600001');
INSERT INTO student_contact_details (student_id, alternate_email, student_mobile1, student_mobile2, parent_mobile, landline_no, full_address, city, state, pincode) VALUES (5, 'alt5@gmail.com', '9876543210', '9876543211', '9876543212', '044-2435678', '123 Main St', 'Chennai', 'Tamil Nadu', '600001');
INSERT INTO student_contact_details (student_id, alternate_email, student_mobile1, student_mobile2, parent_mobile, landline_no, full_address, city, state, pincode) VALUES (6, 'alt6@gmail.com', '9876543210', '9876543211', '9876543212', '044-2435678', '123 Main St', 'Chennai', 'Tamil Nadu', '600001');
INSERT INTO student_contact_details (student_id, alternate_email, student_mobile1, student_mobile2, parent_mobile, landline_no, full_address, city, state, pincode) VALUES (7, 'alt7@gmail.com', '9876543210', '9876543211', '9876543212', '044-2435678', '123 Main St', 'Chennai', 'Tamil Nadu', '600001');
INSERT INTO student_contact_details (student_id, alternate_email, student_mobile1, student_mobile2, parent_mobile, landline_no, full_address, city, state, pincode) VALUES (8, 'alt8@gmail.com', '9876543210', '9876543211', '9876543212', '044-2435678', '123 Main St', 'Chennai', 'Tamil Nadu', '600001');
INSERT INTO student_contact_details (student_id, alternate_email, student_mobile1, student_mobile2, parent_mobile, landline_no, full_address, city, state, pincode) VALUES (9, 'alt9@gmail.com', '9876543210', '9876543211', '9876543212', '044-2435678', '123 Main St', 'Chennai', 'Tamil Nadu', '600001');
INSERT INTO student_contact_details (student_id, alternate_email, student_mobile1, student_mobile2, parent_mobile, landline_no, full_address, city, state, pincode) VALUES (10, 'alt10@gmail.com', '9876543210', '9876543211', '9876543212', '044-2435678', '123 Main St', 'Chennai', 'Tamil Nadu', '600001');
INSERT INTO student_contact_details (student_id, alternate_email, student_mobile1, student_mobile2, parent_mobile, landline_no, full_address, city, state, pincode) VALUES (11, 'alt11@gmail.com', '9876543210', '9876543211', '9876543212', '044-2435678', '123 Main St', 'Chennai', 'Tamil Nadu', '600001');
INSERT INTO student_contact_details (student_id, alternate_email, student_mobile1, student_mobile2, parent_mobile, landline_no, full_address, city, state, pincode) VALUES (12, 'alt12@gmail.com', '9876543210', '9876543211', '9876543212', '044-2435678', '123 Main St', 'Chennai', 'Tamil Nadu', '600001');
INSERT INTO student_contact_details (student_id, alternate_email, student_mobile1, student_mobile2, parent_mobile, landline_no, full_address, city, state, pincode) VALUES (13, 'alt13@gmail.com', '9876543210', '9876543211', '9876543212', '044-2435678', '123 Main St', 'Chennai', 'Tamil Nadu', '600001');
INSERT INTO student_contact_details (student_id, alternate_email, student_mobile1, student_mobile2, parent_mobile, landline_no, full_address, city, state, pincode) VALUES (14, 'alt14@gmail.com', '9876543210', '9876543211', '9876543212', '044-2435678', '123 Main St', 'Chennai', 'Tamil Nadu', '600001');
INSERT INTO student_contact_details (student_id, alternate_email, student_mobile1, student_mobile2, parent_mobile, landline_no, full_address, city, state, pincode) VALUES (15, 'alt15@gmail.com', '9876543210', '9876543211', '9876543212', '044-2435678', '123 Main St', 'Chennai', 'Tamil Nadu', '600001');
INSERT INTO student_contact_details (student_id, alternate_email, student_mobile1, student_mobile2, parent_mobile, landline_no, full_address, city, state, pincode) VALUES (16, 'alt16@gmail.com', '9876543210', '9876543211', '9876543212', '044-2435678', '123 Main St', 'Chennai', 'Tamil Nadu', '600001');
INSERT INTO student_contact_details (student_id, alternate_email, student_mobile1, student_mobile2, parent_mobile, landline_no, full_address, city, state, pincode) VALUES (17, 'alt17@gmail.com', '9876543210', '9876543211', '9876543212', '044-2435678', '123 Main St', 'Chennai', 'Tamil Nadu', '600001');
INSERT INTO student_contact_details (student_id, alternate_email, student_mobile1, student_mobile2, parent_mobile, landline_no, full_address, city, state, pincode) VALUES (18, 'alt18@gmail.com', '9876543210', '9876543211', '9876543212', '044-2435678', '123 Main St', 'Chennai', 'Tamil Nadu', '600001');
INSERT INTO student_contact_details (student_id, alternate_email, student_mobile1, student_mobile2, parent_mobile, landline_no, full_address, city, state, pincode) VALUES (19, 'alt19@gmail.com', '9876543210', '9876543211', '9876543212', '044-2435678', '123 Main St', 'Chennai', 'Tamil Nadu', '600001');
INSERT INTO student_contact_details (student_id, alternate_email, student_mobile1, student_mobile2, parent_mobile, landline_no, full_address, city, state, pincode) VALUES (20, 'alt20@gmail.com', '9876543210', '9876543211', '9876543212', '044-2435678', '123 Main St', 'Chennai', 'Tamil Nadu', '600001');
INSERT INTO student_contact_details (student_id, alternate_email, student_mobile1, student_mobile2, parent_mobile, landline_no, full_address, city, state, pincode) VALUES (21, 'alt21@gmail.com', '9876543210', '9876543211', '9876543212', '044-2435678', '123 Main St', 'Chennai', 'Tamil Nadu', '600001');
INSERT INTO student_contact_details (student_id, alternate_email, student_mobile1, student_mobile2, parent_mobile, landline_no, full_address, city, state, pincode) VALUES (22, 'alt22@gmail.com', '9876543210', '9876543211', '9876543212', '044-2435678', '123 Main St', 'Chennai', 'Tamil Nadu', '600001');
INSERT INTO student_contact_details (student_id, alternate_email, student_mobile1, student_mobile2, parent_mobile, landline_no, full_address, city, state, pincode) VALUES (23, 'alt23@gmail.com', '9876543210', '9876543211', '9876543212', '044-2435678', '123 Main St', 'Chennai', 'Tamil Nadu', '600001');
INSERT INTO student_contact_details (student_id, alternate_email, student_mobile1, student_mobile2, parent_mobile, landline_no, full_address, city, state, pincode) VALUES (24, 'alt24@gmail.com', '9876543210', '9876543211', '9876543212', '044-2435678', '123 Main St', 'Chennai', 'Tamil Nadu', '600001');
INSERT INTO student_contact_details (student_id, alternate_email, student_mobile1, student_mobile2, parent_mobile, landline_no, full_address, city, state, pincode) VALUES (25, 'alt25@gmail.com', '9876543210', '9876543211', '9876543212', '044-2435678', '123 Main St', 'Chennai', 'Tamil Nadu', '600001');
INSERT INTO student_contact_details (student_id, alternate_email, student_mobile1, student_mobile2, parent_mobile, landline_no, full_address, city, state, pincode) VALUES (26, 'alt26@gmail.com', '9876543210', '9876543211', '9876543212', '044-2435678', '123 Main St', 'Chennai', 'Tamil Nadu', '600001');
INSERT INTO student_contact_details (student_id, alternate_email, student_mobile1, student_mobile2, parent_mobile, landline_no, full_address, city, state, pincode) VALUES (27, 'alt27@gmail.com', '9876543210', '9876543211', '9876543212', '044-2435678', '123 Main St', 'Chennai', 'Tamil Nadu', '600001');
INSERT INTO student_contact_details (student_id, alternate_email, student_mobile1, student_mobile2, parent_mobile, landline_no, full_address, city, state, pincode) VALUES (28, 'alt28@gmail.com', '9876543210', '9876543211', '9876543212', '044-2435678', '123 Main St', 'Chennai', 'Tamil Nadu', '600001');
INSERT INTO student_contact_details (student_id, alternate_email, student_mobile1, student_mobile2, parent_mobile, landline_no, full_address, city, state, pincode) VALUES (29, 'alt29@gmail.com', '9876543210', '9876543211', '9876543212', '044-2435678', '123 Main St', 'Chennai', 'Tamil Nadu', '600001');
INSERT INTO student_contact_details (student_id, alternate_email, student_mobile1, student_mobile2, parent_mobile, landline_no, full_address, city, state, pincode) VALUES (30, 'alt30@gmail.com', '9876543210', '9876543211', '9876543212', '044-2435678', '123 Main St', 'Chennai', 'Tamil Nadu', '600001');
INSERT INTO student_contact_details (student_id, alternate_email, student_mobile1, student_mobile2, parent_mobile, landline_no, full_address, city, state, pincode) VALUES (31, 'alt31@gmail.com', '9876543210', '9876543211', '9876543212', '044-2435678', '123 Main St', 'Chennai', 'Tamil Nadu', '600001');
INSERT INTO student_contact_details (student_id, alternate_email, student_mobile1, student_mobile2, parent_mobile, landline_no, full_address, city, state, pincode) VALUES (32, 'alt32@gmail.com', '9876543210', '9876543211', '9876543212', '044-2435678', '123 Main St', 'Chennai', 'Tamil Nadu', '600001');
INSERT INTO student_contact_details (student_id, alternate_email, student_mobile1, student_mobile2, parent_mobile, landline_no, full_address, city, state, pincode) VALUES (33, 'alt33@gmail.com', '9876543210', '9876543211', '9876543212', '044-2435678', '123 Main St', 'Chennai', 'Tamil Nadu', '600001');
INSERT INTO student_contact_details (student_id, alternate_email, student_mobile1, student_mobile2, parent_mobile, landline_no, full_address, city, state, pincode) VALUES (34, 'alt34@gmail.com', '9876543210', '9876543211', '9876543212', '044-2435678', '123 Main St', 'Chennai', 'Tamil Nadu', '600001');
INSERT INTO student_contact_details (student_id, alternate_email, student_mobile1, student_mobile2, parent_mobile, landline_no, full_address, city, state, pincode) VALUES (35, 'alt35@gmail.com', '9876543210', '9876543211', '9876543212', '044-2435678', '123 Main St', 'Chennai', 'Tamil Nadu', '600001');
INSERT INTO student_contact_details (student_id, alternate_email, student_mobile1, student_mobile2, parent_mobile, landline_no, full_address, city, state, pincode) VALUES (36, 'alt36@gmail.com', '9876543210', '9876543211', '9876543212', '044-2435678', '123 Main St', 'Chennai', 'Tamil Nadu', '600001');
INSERT INTO student_contact_details (student_id, alternate_email, student_mobile1, student_mobile2, parent_mobile, landline_no, full_address, city, state, pincode) VALUES (37, 'alt37@gmail.com', '9876543210', '9876543211', '9876543212', '044-2435678', '123 Main St', 'Chennai', 'Tamil Nadu', '600001');
INSERT INTO student_contact_details (student_id, alternate_email, student_mobile1, student_mobile2, parent_mobile, landline_no, full_address, city, state, pincode) VALUES (38, 'alt38@gmail.com', '9876543210', '9876543211', '9876543212', '044-2435678', '123 Main St', 'Chennai', 'Tamil Nadu', '600001');
INSERT INTO student_contact_details (student_id, alternate_email, student_mobile1, student_mobile2, parent_mobile, landline_no, full_address, city, state, pincode) VALUES (39, 'alt39@gmail.com', '9876543210', '9876543211', '9876543212', '044-2435678', '123 Main St', 'Chennai', 'Tamil Nadu', '600001');
INSERT INTO student_contact_details (student_id, alternate_email, student_mobile1, student_mobile2, parent_mobile, landline_no, full_address, city, state, pincode) VALUES (40, 'alt40@gmail.com', '9876543210', '9876543211', '9876543212', '044-2435678', '123 Main St', 'Chennai', 'Tamil Nadu', '600001');
INSERT INTO student_contact_details (student_id, alternate_email, student_mobile1, student_mobile2, parent_mobile, landline_no, full_address, city, state, pincode) VALUES (41, 'alt41@gmail.com', '9876543210', '9876543211', '9876543212', '044-2435678', '123 Main St', 'Chennai', 'Tamil Nadu', '600001');
INSERT INTO student_contact_details (student_id, alternate_email, student_mobile1, student_mobile2, parent_mobile, landline_no, full_address, city, state, pincode) VALUES (42, 'alt42@gmail.com', '9876543210', '9876543211', '9876543212', '044-2435678', '123 Main St', 'Chennai', 'Tamil Nadu', '600001');
INSERT INTO student_contact_details (student_id, alternate_email, student_mobile1, student_mobile2, parent_mobile, landline_no, full_address, city, state, pincode) VALUES (43, 'alt43@gmail.com', '9876543210', '9876543211', '9876543212', '044-2435678', '123 Main St', 'Chennai', 'Tamil Nadu', '600001');
INSERT INTO student_contact_details (student_id, alternate_email, student_mobile1, student_mobile2, parent_mobile, landline_no, full_address, city, state, pincode) VALUES (44, 'alt44@gmail.com', '9876543210', '9876543211', '9876543212', '044-2435678', '123 Main St', 'Chennai', 'Tamil Nadu', '600001');
INSERT INTO student_contact_details (student_id, alternate_email, student_mobile1, student_mobile2, parent_mobile, landline_no, full_address, city, state, pincode) VALUES (45, 'alt45@gmail.com', '9876543210', '9876543211', '9876543212', '044-2435678', '123 Main St', 'Chennai', 'Tamil Nadu', '600001');
INSERT INTO student_contact_details (student_id, alternate_email, student_mobile1, student_mobile2, parent_mobile, landline_no, full_address, city, state, pincode) VALUES (46, 'alt46@gmail.com', '9876543210', '9876543211', '9876543212', '044-2435678', '123 Main St', 'Chennai', 'Tamil Nadu', '600001');
INSERT INTO student_contact_details (student_id, alternate_email, student_mobile1, student_mobile2, parent_mobile, landline_no, full_address, city, state, pincode) VALUES (47, 'alt47@gmail.com', '9876543210', '9876543211', '9876543212', '044-2435678', '123 Main St', 'Chennai', 'Tamil Nadu', '600001');
INSERT INTO student_contact_details (student_id, alternate_email, student_mobile1, student_mobile2, parent_mobile, landline_no, full_address, city, state, pincode) VALUES (48, 'alt48@gmail.com', '9876543210', '9876543211', '9876543212', '044-2435678', '123 Main St', 'Chennai', 'Tamil Nadu', '600001');
INSERT INTO student_contact_details (student_id, alternate_email, student_mobile1, student_mobile2, parent_mobile, landline_no, full_address, city, state, pincode) VALUES (49, 'alt49@gmail.com', '9876543210', '9876543211', '9876543212', '044-2435678', '123 Main St', 'Chennai', 'Tamil Nadu', '600001');
INSERT INTO student_contact_details (student_id, alternate_email, student_mobile1, student_mobile2, parent_mobile, landline_no, full_address, city, state, pincode) VALUES (50, 'alt50@gmail.com', '9876543210', '9876543211', '9876543212', '044-2435678', '123 Main St', 'Chennai', 'Tamil Nadu', '600001');

-- 6. Student Identity Docs
INSERT INTO student_identity_docs (student_id, is_aadhar_available, aadhar_number, name_as_per_aadhar, family_card_number, is_pan_card_available, is_passport_available) VALUES (1, TRUE, '100000000001', 'AadharName 1', 'FC12345', TRUE, FALSE);
INSERT INTO student_identity_docs (student_id, is_aadhar_available, aadhar_number, name_as_per_aadhar, family_card_number, is_pan_card_available, is_passport_available) VALUES (2, TRUE, '100000000002', 'AadharName 2', 'FC12345', TRUE, FALSE);
INSERT INTO student_identity_docs (student_id, is_aadhar_available, aadhar_number, name_as_per_aadhar, family_card_number, is_pan_card_available, is_passport_available) VALUES (3, TRUE, '100000000003', 'AadharName 3', 'FC12345', TRUE, FALSE);
INSERT INTO student_identity_docs (student_id, is_aadhar_available, aadhar_number, name_as_per_aadhar, family_card_number, is_pan_card_available, is_passport_available) VALUES (4, TRUE, '100000000004', 'AadharName 4', 'FC12345', TRUE, FALSE);
INSERT INTO student_identity_docs (student_id, is_aadhar_available, aadhar_number, name_as_per_aadhar, family_card_number, is_pan_card_available, is_passport_available) VALUES (5, TRUE, '100000000005', 'AadharName 5', 'FC12345', TRUE, FALSE);
INSERT INTO student_identity_docs (student_id, is_aadhar_available, aadhar_number, name_as_per_aadhar, family_card_number, is_pan_card_available, is_passport_available) VALUES (6, TRUE, '100000000006', 'AadharName 6', 'FC12345', TRUE, FALSE);
INSERT INTO student_identity_docs (student_id, is_aadhar_available, aadhar_number, name_as_per_aadhar, family_card_number, is_pan_card_available, is_passport_available) VALUES (7, TRUE, '100000000007', 'AadharName 7', 'FC12345', TRUE, FALSE);
INSERT INTO student_identity_docs (student_id, is_aadhar_available, aadhar_number, name_as_per_aadhar, family_card_number, is_pan_card_available, is_passport_available) VALUES (8, TRUE, '100000000008', 'AadharName 8', 'FC12345', TRUE, FALSE);
INSERT INTO student_identity_docs (student_id, is_aadhar_available, aadhar_number, name_as_per_aadhar, family_card_number, is_pan_card_available, is_passport_available) VALUES (9, TRUE, '100000000009', 'AadharName 9', 'FC12345', TRUE, FALSE);
INSERT INTO student_identity_docs (student_id, is_aadhar_available, aadhar_number, name_as_per_aadhar, family_card_number, is_pan_card_available, is_passport_available) VALUES (10, TRUE, '100000000010', 'AadharName 10', 'FC12345', TRUE, FALSE);
INSERT INTO student_identity_docs (student_id, is_aadhar_available, aadhar_number, name_as_per_aadhar, family_card_number, is_pan_card_available, is_passport_available) VALUES (11, TRUE, '100000000011', 'AadharName 11', 'FC12345', TRUE, FALSE);
INSERT INTO student_identity_docs (student_id, is_aadhar_available, aadhar_number, name_as_per_aadhar, family_card_number, is_pan_card_available, is_passport_available) VALUES (12, TRUE, '100000000012', 'AadharName 12', 'FC12345', TRUE, FALSE);
INSERT INTO student_identity_docs (student_id, is_aadhar_available, aadhar_number, name_as_per_aadhar, family_card_number, is_pan_card_available, is_passport_available) VALUES (13, TRUE, '100000000013', 'AadharName 13', 'FC12345', TRUE, FALSE);
INSERT INTO student_identity_docs (student_id, is_aadhar_available, aadhar_number, name_as_per_aadhar, family_card_number, is_pan_card_available, is_passport_available) VALUES (14, TRUE, '100000000014', 'AadharName 14', 'FC12345', TRUE, FALSE);
INSERT INTO student_identity_docs (student_id, is_aadhar_available, aadhar_number, name_as_per_aadhar, family_card_number, is_pan_card_available, is_passport_available) VALUES (15, TRUE, '100000000015', 'AadharName 15', 'FC12345', TRUE, FALSE);
INSERT INTO student_identity_docs (student_id, is_aadhar_available, aadhar_number, name_as_per_aadhar, family_card_number, is_pan_card_available, is_passport_available) VALUES (16, TRUE, '100000000016', 'AadharName 16', 'FC12345', TRUE, FALSE);
INSERT INTO student_identity_docs (student_id, is_aadhar_available, aadhar_number, name_as_per_aadhar, family_card_number, is_pan_card_available, is_passport_available) VALUES (17, TRUE, '100000000017', 'AadharName 17', 'FC12345', TRUE, FALSE);
INSERT INTO student_identity_docs (student_id, is_aadhar_available, aadhar_number, name_as_per_aadhar, family_card_number, is_pan_card_available, is_passport_available) VALUES (18, TRUE, '100000000018', 'AadharName 18', 'FC12345', TRUE, FALSE);
INSERT INTO student_identity_docs (student_id, is_aadhar_available, aadhar_number, name_as_per_aadhar, family_card_number, is_pan_card_available, is_passport_available) VALUES (19, TRUE, '100000000019', 'AadharName 19', 'FC12345', TRUE, FALSE);
INSERT INTO student_identity_docs (student_id, is_aadhar_available, aadhar_number, name_as_per_aadhar, family_card_number, is_pan_card_available, is_passport_available) VALUES (20, TRUE, '100000000020', 'AadharName 20', 'FC12345', TRUE, FALSE);
INSERT INTO student_identity_docs (student_id, is_aadhar_available, aadhar_number, name_as_per_aadhar, family_card_number, is_pan_card_available, is_passport_available) VALUES (21, TRUE, '100000000021', 'AadharName 21', 'FC12345', TRUE, FALSE);
INSERT INTO student_identity_docs (student_id, is_aadhar_available, aadhar_number, name_as_per_aadhar, family_card_number, is_pan_card_available, is_passport_available) VALUES (22, TRUE, '100000000022', 'AadharName 22', 'FC12345', TRUE, FALSE);
INSERT INTO student_identity_docs (student_id, is_aadhar_available, aadhar_number, name_as_per_aadhar, family_card_number, is_pan_card_available, is_passport_available) VALUES (23, TRUE, '100000000023', 'AadharName 23', 'FC12345', TRUE, FALSE);
INSERT INTO student_identity_docs (student_id, is_aadhar_available, aadhar_number, name_as_per_aadhar, family_card_number, is_pan_card_available, is_passport_available) VALUES (24, TRUE, '100000000024', 'AadharName 24', 'FC12345', TRUE, FALSE);
INSERT INTO student_identity_docs (student_id, is_aadhar_available, aadhar_number, name_as_per_aadhar, family_card_number, is_pan_card_available, is_passport_available) VALUES (25, TRUE, '100000000025', 'AadharName 25', 'FC12345', TRUE, FALSE);
INSERT INTO student_identity_docs (student_id, is_aadhar_available, aadhar_number, name_as_per_aadhar, family_card_number, is_pan_card_available, is_passport_available) VALUES (26, TRUE, '100000000026', 'AadharName 26', 'FC12345', TRUE, FALSE);
INSERT INTO student_identity_docs (student_id, is_aadhar_available, aadhar_number, name_as_per_aadhar, family_card_number, is_pan_card_available, is_passport_available) VALUES (27, TRUE, '100000000027', 'AadharName 27', 'FC12345', TRUE, FALSE);
INSERT INTO student_identity_docs (student_id, is_aadhar_available, aadhar_number, name_as_per_aadhar, family_card_number, is_pan_card_available, is_passport_available) VALUES (28, TRUE, '100000000028', 'AadharName 28', 'FC12345', TRUE, FALSE);
INSERT INTO student_identity_docs (student_id, is_aadhar_available, aadhar_number, name_as_per_aadhar, family_card_number, is_pan_card_available, is_passport_available) VALUES (29, TRUE, '100000000029', 'AadharName 29', 'FC12345', TRUE, FALSE);
INSERT INTO student_identity_docs (student_id, is_aadhar_available, aadhar_number, name_as_per_aadhar, family_card_number, is_pan_card_available, is_passport_available) VALUES (30, TRUE, '100000000030', 'AadharName 30', 'FC12345', TRUE, FALSE);
INSERT INTO student_identity_docs (student_id, is_aadhar_available, aadhar_number, name_as_per_aadhar, family_card_number, is_pan_card_available, is_passport_available) VALUES (31, TRUE, '100000000031', 'AadharName 31', 'FC12345', TRUE, FALSE);
INSERT INTO student_identity_docs (student_id, is_aadhar_available, aadhar_number, name_as_per_aadhar, family_card_number, is_pan_card_available, is_passport_available) VALUES (32, TRUE, '100000000032', 'AadharName 32', 'FC12345', TRUE, FALSE);
INSERT INTO student_identity_docs (student_id, is_aadhar_available, aadhar_number, name_as_per_aadhar, family_card_number, is_pan_card_available, is_passport_available) VALUES (33, TRUE, '100000000033', 'AadharName 33', 'FC12345', TRUE, FALSE);
INSERT INTO student_identity_docs (student_id, is_aadhar_available, aadhar_number, name_as_per_aadhar, family_card_number, is_pan_card_available, is_passport_available) VALUES (34, TRUE, '100000000034', 'AadharName 34', 'FC12345', TRUE, FALSE);
INSERT INTO student_identity_docs (student_id, is_aadhar_available, aadhar_number, name_as_per_aadhar, family_card_number, is_pan_card_available, is_passport_available) VALUES (35, TRUE, '100000000035', 'AadharName 35', 'FC12345', TRUE, FALSE);
INSERT INTO student_identity_docs (student_id, is_aadhar_available, aadhar_number, name_as_per_aadhar, family_card_number, is_pan_card_available, is_passport_available) VALUES (36, TRUE, '100000000036', 'AadharName 36', 'FC12345', TRUE, FALSE);
INSERT INTO student_identity_docs (student_id, is_aadhar_available, aadhar_number, name_as_per_aadhar, family_card_number, is_pan_card_available, is_passport_available) VALUES (37, TRUE, '100000000037', 'AadharName 37', 'FC12345', TRUE, FALSE);
INSERT INTO student_identity_docs (student_id, is_aadhar_available, aadhar_number, name_as_per_aadhar, family_card_number, is_pan_card_available, is_passport_available) VALUES (38, TRUE, '100000000038', 'AadharName 38', 'FC12345', TRUE, FALSE);
INSERT INTO student_identity_docs (student_id, is_aadhar_available, aadhar_number, name_as_per_aadhar, family_card_number, is_pan_card_available, is_passport_available) VALUES (39, TRUE, '100000000039', 'AadharName 39', 'FC12345', TRUE, FALSE);
INSERT INTO student_identity_docs (student_id, is_aadhar_available, aadhar_number, name_as_per_aadhar, family_card_number, is_pan_card_available, is_passport_available) VALUES (40, TRUE, '100000000040', 'AadharName 40', 'FC12345', TRUE, FALSE);
INSERT INTO student_identity_docs (student_id, is_aadhar_available, aadhar_number, name_as_per_aadhar, family_card_number, is_pan_card_available, is_passport_available) VALUES (41, TRUE, '100000000041', 'AadharName 41', 'FC12345', TRUE, FALSE);
INSERT INTO student_identity_docs (student_id, is_aadhar_available, aadhar_number, name_as_per_aadhar, family_card_number, is_pan_card_available, is_passport_available) VALUES (42, TRUE, '100000000042', 'AadharName 42', 'FC12345', TRUE, FALSE);
INSERT INTO student_identity_docs (student_id, is_aadhar_available, aadhar_number, name_as_per_aadhar, family_card_number, is_pan_card_available, is_passport_available) VALUES (43, TRUE, '100000000043', 'AadharName 43', 'FC12345', TRUE, FALSE);
INSERT INTO student_identity_docs (student_id, is_aadhar_available, aadhar_number, name_as_per_aadhar, family_card_number, is_pan_card_available, is_passport_available) VALUES (44, TRUE, '100000000044', 'AadharName 44', 'FC12345', TRUE, FALSE);
INSERT INTO student_identity_docs (student_id, is_aadhar_available, aadhar_number, name_as_per_aadhar, family_card_number, is_pan_card_available, is_passport_available) VALUES (45, TRUE, '100000000045', 'AadharName 45', 'FC12345', TRUE, FALSE);
INSERT INTO student_identity_docs (student_id, is_aadhar_available, aadhar_number, name_as_per_aadhar, family_card_number, is_pan_card_available, is_passport_available) VALUES (46, TRUE, '100000000046', 'AadharName 46', 'FC12345', TRUE, FALSE);
INSERT INTO student_identity_docs (student_id, is_aadhar_available, aadhar_number, name_as_per_aadhar, family_card_number, is_pan_card_available, is_passport_available) VALUES (47, TRUE, '100000000047', 'AadharName 47', 'FC12345', TRUE, FALSE);
INSERT INTO student_identity_docs (student_id, is_aadhar_available, aadhar_number, name_as_per_aadhar, family_card_number, is_pan_card_available, is_passport_available) VALUES (48, TRUE, '100000000048', 'AadharName 48', 'FC12345', TRUE, FALSE);
INSERT INTO student_identity_docs (student_id, is_aadhar_available, aadhar_number, name_as_per_aadhar, family_card_number, is_pan_card_available, is_passport_available) VALUES (49, TRUE, '100000000049', 'AadharName 49', 'FC12345', TRUE, FALSE);
INSERT INTO student_identity_docs (student_id, is_aadhar_available, aadhar_number, name_as_per_aadhar, family_card_number, is_pan_card_available, is_passport_available) VALUES (50, TRUE, '100000000050', 'AadharName 50', 'FC12345', TRUE, FALSE);

-- 7. Academic Records
INSERT INTO academic_records (student_id, ug_year_of_pass, admission_quota, medium_of_instruction, locality, sem1_gpa, sem2_gpa, sem3_gpa, sem4_gpa, sem5_gpa, sem6_gpa, sem7_gpa, sem8_gpa, cgpa, standing_arrears, history_of_arrears, has_history_of_arrears, course_gap_in_years) VALUES (1, 2026, 'Management', 'English', 'Urban', 8.0, 8.2, 8.5, 8.1, 8.3, 8.6, 8.4, 8.5, 9.8, 0, 0, False, 0);
INSERT INTO academic_records (student_id, ug_year_of_pass, admission_quota, medium_of_instruction, locality, sem1_gpa, sem2_gpa, sem3_gpa, sem4_gpa, sem5_gpa, sem6_gpa, sem7_gpa, sem8_gpa, cgpa, standing_arrears, history_of_arrears, has_history_of_arrears, course_gap_in_years) VALUES (2, 2026, 'Management', 'English', 'Urban', 8.0, 8.2, 8.5, 8.1, 8.3, 8.6, 8.4, 8.5, 6.7, 0, 0, False, 0);
INSERT INTO academic_records (student_id, ug_year_of_pass, admission_quota, medium_of_instruction, locality, sem1_gpa, sem2_gpa, sem3_gpa, sem4_gpa, sem5_gpa, sem6_gpa, sem7_gpa, sem8_gpa, cgpa, standing_arrears, history_of_arrears, has_history_of_arrears, course_gap_in_years) VALUES (3, 2026, 'Management', 'English', 'Urban', 8.0, 8.2, 8.5, 8.1, 8.3, 8.6, 8.4, 8.5, 8.3, 0, 0, False, 0);
INSERT INTO academic_records (student_id, ug_year_of_pass, admission_quota, medium_of_instruction, locality, sem1_gpa, sem2_gpa, sem3_gpa, sem4_gpa, sem5_gpa, sem6_gpa, sem7_gpa, sem8_gpa, cgpa, standing_arrears, history_of_arrears, has_history_of_arrears, course_gap_in_years) VALUES (4, 2026, 'Management', 'English', 'Urban', 8.0, 8.2, 8.5, 8.1, 8.3, 8.6, 8.4, 8.5, 7.95, 0, 0, False, 0);
INSERT INTO academic_records (student_id, ug_year_of_pass, admission_quota, medium_of_instruction, locality, sem1_gpa, sem2_gpa, sem3_gpa, sem4_gpa, sem5_gpa, sem6_gpa, sem7_gpa, sem8_gpa, cgpa, standing_arrears, history_of_arrears, has_history_of_arrears, course_gap_in_years) VALUES (5, 2026, 'Management', 'English', 'Urban', 8.0, 8.2, 8.5, 8.1, 8.3, 8.6, 8.4, 8.5, 7.12, 0, 0, False, 0);
INSERT INTO academic_records (student_id, ug_year_of_pass, admission_quota, medium_of_instruction, locality, sem1_gpa, sem2_gpa, sem3_gpa, sem4_gpa, sem5_gpa, sem6_gpa, sem7_gpa, sem8_gpa, cgpa, standing_arrears, history_of_arrears, has_history_of_arrears, course_gap_in_years) VALUES (6, 2026, 'Management', 'English', 'Urban', 8.0, 8.2, 8.5, 8.1, 8.3, 8.6, 8.4, 8.5, 6.81, 0, 0, False, 0);
INSERT INTO academic_records (student_id, ug_year_of_pass, admission_quota, medium_of_instruction, locality, sem1_gpa, sem2_gpa, sem3_gpa, sem4_gpa, sem5_gpa, sem6_gpa, sem7_gpa, sem8_gpa, cgpa, standing_arrears, history_of_arrears, has_history_of_arrears, course_gap_in_years) VALUES (7, 2026, 'Management', 'English', 'Urban', 8.0, 8.2, 8.5, 8.1, 8.3, 8.6, 8.4, 8.5, 7.39, 0, 0, False, 0);
INSERT INTO academic_records (student_id, ug_year_of_pass, admission_quota, medium_of_instruction, locality, sem1_gpa, sem2_gpa, sem3_gpa, sem4_gpa, sem5_gpa, sem6_gpa, sem7_gpa, sem8_gpa, cgpa, standing_arrears, history_of_arrears, has_history_of_arrears, course_gap_in_years) VALUES (8, 2026, 'Management', 'English', 'Urban', 8.0, 8.2, 8.5, 8.1, 8.3, 8.6, 8.4, 8.5, 7.93, 0, 0, False, 0);
INSERT INTO academic_records (student_id, ug_year_of_pass, admission_quota, medium_of_instruction, locality, sem1_gpa, sem2_gpa, sem3_gpa, sem4_gpa, sem5_gpa, sem6_gpa, sem7_gpa, sem8_gpa, cgpa, standing_arrears, history_of_arrears, has_history_of_arrears, course_gap_in_years) VALUES (9, 2026, 'Management', 'English', 'Urban', 8.0, 8.2, 8.5, 8.1, 8.3, 8.6, 8.4, 8.5, 7.03, 0, 0, False, 0);
INSERT INTO academic_records (student_id, ug_year_of_pass, admission_quota, medium_of_instruction, locality, sem1_gpa, sem2_gpa, sem3_gpa, sem4_gpa, sem5_gpa, sem6_gpa, sem7_gpa, sem8_gpa, cgpa, standing_arrears, history_of_arrears, has_history_of_arrears, course_gap_in_years) VALUES (10, 2026, 'Management', 'English', 'Urban', 8.0, 8.2, 8.5, 8.1, 8.3, 8.6, 8.4, 8.5, 9.28, 0, 0, False, 0);
INSERT INTO academic_records (student_id, ug_year_of_pass, admission_quota, medium_of_instruction, locality, sem1_gpa, sem2_gpa, sem3_gpa, sem4_gpa, sem5_gpa, sem6_gpa, sem7_gpa, sem8_gpa, cgpa, standing_arrears, history_of_arrears, has_history_of_arrears, course_gap_in_years) VALUES (11, 2026, 'Management', 'English', 'Urban', 8.0, 8.2, 8.5, 8.1, 8.3, 8.6, 8.4, 8.5, 9.4, 0, 0, False, 0);
INSERT INTO academic_records (student_id, ug_year_of_pass, admission_quota, medium_of_instruction, locality, sem1_gpa, sem2_gpa, sem3_gpa, sem4_gpa, sem5_gpa, sem6_gpa, sem7_gpa, sem8_gpa, cgpa, standing_arrears, history_of_arrears, has_history_of_arrears, course_gap_in_years) VALUES (12, 2026, 'Management', 'English', 'Urban', 8.0, 8.2, 8.5, 8.1, 8.3, 8.6, 8.4, 8.5, 8.11, 2, 2, True, 0);
INSERT INTO academic_records (student_id, ug_year_of_pass, admission_quota, medium_of_instruction, locality, sem1_gpa, sem2_gpa, sem3_gpa, sem4_gpa, sem5_gpa, sem6_gpa, sem7_gpa, sem8_gpa, cgpa, standing_arrears, history_of_arrears, has_history_of_arrears, course_gap_in_years) VALUES (13, 2026, 'Management', 'English', 'Urban', 8.0, 8.2, 8.5, 8.1, 8.3, 8.6, 8.4, 8.5, 7.33, 2, 2, True, 0);
INSERT INTO academic_records (student_id, ug_year_of_pass, admission_quota, medium_of_instruction, locality, sem1_gpa, sem2_gpa, sem3_gpa, sem4_gpa, sem5_gpa, sem6_gpa, sem7_gpa, sem8_gpa, cgpa, standing_arrears, history_of_arrears, has_history_of_arrears, course_gap_in_years) VALUES (14, 2026, 'Management', 'English', 'Urban', 8.0, 8.2, 8.5, 8.1, 8.3, 8.6, 8.4, 8.5, 6.41, 0, 0, False, 0);
INSERT INTO academic_records (student_id, ug_year_of_pass, admission_quota, medium_of_instruction, locality, sem1_gpa, sem2_gpa, sem3_gpa, sem4_gpa, sem5_gpa, sem6_gpa, sem7_gpa, sem8_gpa, cgpa, standing_arrears, history_of_arrears, has_history_of_arrears, course_gap_in_years) VALUES (15, 2026, 'Management', 'English', 'Urban', 8.0, 8.2, 8.5, 8.1, 8.3, 8.6, 8.4, 8.5, 8.64, 1, 1, True, 0);
INSERT INTO academic_records (student_id, ug_year_of_pass, admission_quota, medium_of_instruction, locality, sem1_gpa, sem2_gpa, sem3_gpa, sem4_gpa, sem5_gpa, sem6_gpa, sem7_gpa, sem8_gpa, cgpa, standing_arrears, history_of_arrears, has_history_of_arrears, course_gap_in_years) VALUES (16, 2026, 'Management', 'English', 'Urban', 8.0, 8.2, 8.5, 8.1, 8.3, 8.6, 8.4, 8.5, 7.96, 2, 2, True, 0);
INSERT INTO academic_records (student_id, ug_year_of_pass, admission_quota, medium_of_instruction, locality, sem1_gpa, sem2_gpa, sem3_gpa, sem4_gpa, sem5_gpa, sem6_gpa, sem7_gpa, sem8_gpa, cgpa, standing_arrears, history_of_arrears, has_history_of_arrears, course_gap_in_years) VALUES (17, 2026, 'Management', 'English', 'Urban', 8.0, 8.2, 8.5, 8.1, 8.3, 8.6, 8.4, 8.5, 6.21, 0, 0, False, 0);
INSERT INTO academic_records (student_id, ug_year_of_pass, admission_quota, medium_of_instruction, locality, sem1_gpa, sem2_gpa, sem3_gpa, sem4_gpa, sem5_gpa, sem6_gpa, sem7_gpa, sem8_gpa, cgpa, standing_arrears, history_of_arrears, has_history_of_arrears, course_gap_in_years) VALUES (18, 2026, 'Management', 'English', 'Urban', 8.0, 8.2, 8.5, 8.1, 8.3, 8.6, 8.4, 8.5, 9.27, 1, 1, True, 0);
INSERT INTO academic_records (student_id, ug_year_of_pass, admission_quota, medium_of_instruction, locality, sem1_gpa, sem2_gpa, sem3_gpa, sem4_gpa, sem5_gpa, sem6_gpa, sem7_gpa, sem8_gpa, cgpa, standing_arrears, history_of_arrears, has_history_of_arrears, course_gap_in_years) VALUES (19, 2026, 'Management', 'English', 'Urban', 8.0, 8.2, 8.5, 8.1, 8.3, 8.6, 8.4, 8.5, 8.6, 0, 0, False, 0);
INSERT INTO academic_records (student_id, ug_year_of_pass, admission_quota, medium_of_instruction, locality, sem1_gpa, sem2_gpa, sem3_gpa, sem4_gpa, sem5_gpa, sem6_gpa, sem7_gpa, sem8_gpa, cgpa, standing_arrears, history_of_arrears, has_history_of_arrears, course_gap_in_years) VALUES (20, 2026, 'Management', 'English', 'Urban', 8.0, 8.2, 8.5, 8.1, 8.3, 8.6, 8.4, 8.5, 6.9, 0, 0, False, 0);
INSERT INTO academic_records (student_id, ug_year_of_pass, admission_quota, medium_of_instruction, locality, sem1_gpa, sem2_gpa, sem3_gpa, sem4_gpa, sem5_gpa, sem6_gpa, sem7_gpa, sem8_gpa, cgpa, standing_arrears, history_of_arrears, has_history_of_arrears, course_gap_in_years) VALUES (21, 2026, 'Management', 'English', 'Urban', 8.0, 8.2, 8.5, 8.1, 8.3, 8.6, 8.4, 8.5, 6.42, 2, 2, True, 0);
INSERT INTO academic_records (student_id, ug_year_of_pass, admission_quota, medium_of_instruction, locality, sem1_gpa, sem2_gpa, sem3_gpa, sem4_gpa, sem5_gpa, sem6_gpa, sem7_gpa, sem8_gpa, cgpa, standing_arrears, history_of_arrears, has_history_of_arrears, course_gap_in_years) VALUES (22, 2026, 'Management', 'English', 'Urban', 8.0, 8.2, 8.5, 8.1, 8.3, 8.6, 8.4, 8.5, 6.43, 2, 2, True, 0);
INSERT INTO academic_records (student_id, ug_year_of_pass, admission_quota, medium_of_instruction, locality, sem1_gpa, sem2_gpa, sem3_gpa, sem4_gpa, sem5_gpa, sem6_gpa, sem7_gpa, sem8_gpa, cgpa, standing_arrears, history_of_arrears, has_history_of_arrears, course_gap_in_years) VALUES (23, 2026, 'Management', 'English', 'Urban', 8.0, 8.2, 8.5, 8.1, 8.3, 8.6, 8.4, 8.5, 8.34, 1, 1, True, 0);
INSERT INTO academic_records (student_id, ug_year_of_pass, admission_quota, medium_of_instruction, locality, sem1_gpa, sem2_gpa, sem3_gpa, sem4_gpa, sem5_gpa, sem6_gpa, sem7_gpa, sem8_gpa, cgpa, standing_arrears, history_of_arrears, has_history_of_arrears, course_gap_in_years) VALUES (24, 2026, 'Management', 'English', 'Urban', 8.0, 8.2, 8.5, 8.1, 8.3, 8.6, 8.4, 8.5, 8.96, 0, 0, False, 0);
INSERT INTO academic_records (student_id, ug_year_of_pass, admission_quota, medium_of_instruction, locality, sem1_gpa, sem2_gpa, sem3_gpa, sem4_gpa, sem5_gpa, sem6_gpa, sem7_gpa, sem8_gpa, cgpa, standing_arrears, history_of_arrears, has_history_of_arrears, course_gap_in_years) VALUES (25, 2026, 'Management', 'English', 'Urban', 8.0, 8.2, 8.5, 8.1, 8.3, 8.6, 8.4, 8.5, 9.4, 0, 0, False, 0);
INSERT INTO academic_records (student_id, ug_year_of_pass, admission_quota, medium_of_instruction, locality, sem1_gpa, sem2_gpa, sem3_gpa, sem4_gpa, sem5_gpa, sem6_gpa, sem7_gpa, sem8_gpa, cgpa, standing_arrears, history_of_arrears, has_history_of_arrears, course_gap_in_years) VALUES (26, 2026, 'Management', 'English', 'Urban', 8.0, 8.2, 8.5, 8.1, 8.3, 8.6, 8.4, 8.5, 7.4, 2, 2, True, 0);
INSERT INTO academic_records (student_id, ug_year_of_pass, admission_quota, medium_of_instruction, locality, sem1_gpa, sem2_gpa, sem3_gpa, sem4_gpa, sem5_gpa, sem6_gpa, sem7_gpa, sem8_gpa, cgpa, standing_arrears, history_of_arrears, has_history_of_arrears, course_gap_in_years) VALUES (27, 2026, 'Management', 'English', 'Urban', 8.0, 8.2, 8.5, 8.1, 8.3, 8.6, 8.4, 8.5, 9.71, 2, 2, True, 0);
INSERT INTO academic_records (student_id, ug_year_of_pass, admission_quota, medium_of_instruction, locality, sem1_gpa, sem2_gpa, sem3_gpa, sem4_gpa, sem5_gpa, sem6_gpa, sem7_gpa, sem8_gpa, cgpa, standing_arrears, history_of_arrears, has_history_of_arrears, course_gap_in_years) VALUES (28, 2026, 'Management', 'English', 'Urban', 8.0, 8.2, 8.5, 8.1, 8.3, 8.6, 8.4, 8.5, 9.56, 2, 2, True, 0);
INSERT INTO academic_records (student_id, ug_year_of_pass, admission_quota, medium_of_instruction, locality, sem1_gpa, sem2_gpa, sem3_gpa, sem4_gpa, sem5_gpa, sem6_gpa, sem7_gpa, sem8_gpa, cgpa, standing_arrears, history_of_arrears, has_history_of_arrears, course_gap_in_years) VALUES (29, 2026, 'Management', 'English', 'Urban', 8.0, 8.2, 8.5, 8.1, 8.3, 8.6, 8.4, 8.5, 9.27, 1, 1, True, 0);
INSERT INTO academic_records (student_id, ug_year_of_pass, admission_quota, medium_of_instruction, locality, sem1_gpa, sem2_gpa, sem3_gpa, sem4_gpa, sem5_gpa, sem6_gpa, sem7_gpa, sem8_gpa, cgpa, standing_arrears, history_of_arrears, has_history_of_arrears, course_gap_in_years) VALUES (30, 2026, 'Management', 'English', 'Urban', 8.0, 8.2, 8.5, 8.1, 8.3, 8.6, 8.4, 8.5, 8.99, 0, 0, False, 0);
INSERT INTO academic_records (student_id, ug_year_of_pass, admission_quota, medium_of_instruction, locality, sem1_gpa, sem2_gpa, sem3_gpa, sem4_gpa, sem5_gpa, sem6_gpa, sem7_gpa, sem8_gpa, cgpa, standing_arrears, history_of_arrears, has_history_of_arrears, course_gap_in_years) VALUES (31, 2026, 'Management', 'English', 'Urban', 8.0, 8.2, 8.5, 8.1, 8.3, 8.6, 8.4, 8.5, 7.35, 0, 0, False, 0);
INSERT INTO academic_records (student_id, ug_year_of_pass, admission_quota, medium_of_instruction, locality, sem1_gpa, sem2_gpa, sem3_gpa, sem4_gpa, sem5_gpa, sem6_gpa, sem7_gpa, sem8_gpa, cgpa, standing_arrears, history_of_arrears, has_history_of_arrears, course_gap_in_years) VALUES (32, 2026, 'Management', 'English', 'Urban', 8.0, 8.2, 8.5, 8.1, 8.3, 8.6, 8.4, 8.5, 6.9, 1, 1, True, 0);
INSERT INTO academic_records (student_id, ug_year_of_pass, admission_quota, medium_of_instruction, locality, sem1_gpa, sem2_gpa, sem3_gpa, sem4_gpa, sem5_gpa, sem6_gpa, sem7_gpa, sem8_gpa, cgpa, standing_arrears, history_of_arrears, has_history_of_arrears, course_gap_in_years) VALUES (33, 2026, 'Management', 'English', 'Urban', 8.0, 8.2, 8.5, 8.1, 8.3, 8.6, 8.4, 8.5, 7.75, 0, 0, False, 0);
INSERT INTO academic_records (student_id, ug_year_of_pass, admission_quota, medium_of_instruction, locality, sem1_gpa, sem2_gpa, sem3_gpa, sem4_gpa, sem5_gpa, sem6_gpa, sem7_gpa, sem8_gpa, cgpa, standing_arrears, history_of_arrears, has_history_of_arrears, course_gap_in_years) VALUES (34, 2026, 'Management', 'English', 'Urban', 8.0, 8.2, 8.5, 8.1, 8.3, 8.6, 8.4, 8.5, 8.46, 0, 0, False, 0);
INSERT INTO academic_records (student_id, ug_year_of_pass, admission_quota, medium_of_instruction, locality, sem1_gpa, sem2_gpa, sem3_gpa, sem4_gpa, sem5_gpa, sem6_gpa, sem7_gpa, sem8_gpa, cgpa, standing_arrears, history_of_arrears, has_history_of_arrears, course_gap_in_years) VALUES (35, 2026, 'Management', 'English', 'Urban', 8.0, 8.2, 8.5, 8.1, 8.3, 8.6, 8.4, 8.5, 6.92, 0, 0, False, 0);
INSERT INTO academic_records (student_id, ug_year_of_pass, admission_quota, medium_of_instruction, locality, sem1_gpa, sem2_gpa, sem3_gpa, sem4_gpa, sem5_gpa, sem6_gpa, sem7_gpa, sem8_gpa, cgpa, standing_arrears, history_of_arrears, has_history_of_arrears, course_gap_in_years) VALUES (36, 2026, 'Management', 'English', 'Urban', 8.0, 8.2, 8.5, 8.1, 8.3, 8.6, 8.4, 8.5, 8.19, 1, 1, True, 0);
INSERT INTO academic_records (student_id, ug_year_of_pass, admission_quota, medium_of_instruction, locality, sem1_gpa, sem2_gpa, sem3_gpa, sem4_gpa, sem5_gpa, sem6_gpa, sem7_gpa, sem8_gpa, cgpa, standing_arrears, history_of_arrears, has_history_of_arrears, course_gap_in_years) VALUES (37, 2026, 'Management', 'English', 'Urban', 8.0, 8.2, 8.5, 8.1, 8.3, 8.6, 8.4, 8.5, 9.66, 0, 0, False, 0);
INSERT INTO academic_records (student_id, ug_year_of_pass, admission_quota, medium_of_instruction, locality, sem1_gpa, sem2_gpa, sem3_gpa, sem4_gpa, sem5_gpa, sem6_gpa, sem7_gpa, sem8_gpa, cgpa, standing_arrears, history_of_arrears, has_history_of_arrears, course_gap_in_years) VALUES (38, 2026, 'Management', 'English', 'Urban', 8.0, 8.2, 8.5, 8.1, 8.3, 8.6, 8.4, 8.5, 8.47, 2, 2, True, 0);
INSERT INTO academic_records (student_id, ug_year_of_pass, admission_quota, medium_of_instruction, locality, sem1_gpa, sem2_gpa, sem3_gpa, sem4_gpa, sem5_gpa, sem6_gpa, sem7_gpa, sem8_gpa, cgpa, standing_arrears, history_of_arrears, has_history_of_arrears, course_gap_in_years) VALUES (39, 2026, 'Management', 'English', 'Urban', 8.0, 8.2, 8.5, 8.1, 8.3, 8.6, 8.4, 8.5, 9.02, 0, 0, False, 0);
INSERT INTO academic_records (student_id, ug_year_of_pass, admission_quota, medium_of_instruction, locality, sem1_gpa, sem2_gpa, sem3_gpa, sem4_gpa, sem5_gpa, sem6_gpa, sem7_gpa, sem8_gpa, cgpa, standing_arrears, history_of_arrears, has_history_of_arrears, course_gap_in_years) VALUES (40, 2026, 'Management', 'English', 'Urban', 8.0, 8.2, 8.5, 8.1, 8.3, 8.6, 8.4, 8.5, 6.06, 0, 0, False, 0);
INSERT INTO academic_records (student_id, ug_year_of_pass, admission_quota, medium_of_instruction, locality, sem1_gpa, sem2_gpa, sem3_gpa, sem4_gpa, sem5_gpa, sem6_gpa, sem7_gpa, sem8_gpa, cgpa, standing_arrears, history_of_arrears, has_history_of_arrears, course_gap_in_years) VALUES (41, 2026, 'Management', 'English', 'Urban', 8.0, 8.2, 8.5, 8.1, 8.3, 8.6, 8.4, 8.5, 7.37, 0, 0, False, 0);
INSERT INTO academic_records (student_id, ug_year_of_pass, admission_quota, medium_of_instruction, locality, sem1_gpa, sem2_gpa, sem3_gpa, sem4_gpa, sem5_gpa, sem6_gpa, sem7_gpa, sem8_gpa, cgpa, standing_arrears, history_of_arrears, has_history_of_arrears, course_gap_in_years) VALUES (42, 2026, 'Management', 'English', 'Urban', 8.0, 8.2, 8.5, 8.1, 8.3, 8.6, 8.4, 8.5, 8.66, 2, 2, True, 0);
INSERT INTO academic_records (student_id, ug_year_of_pass, admission_quota, medium_of_instruction, locality, sem1_gpa, sem2_gpa, sem3_gpa, sem4_gpa, sem5_gpa, sem6_gpa, sem7_gpa, sem8_gpa, cgpa, standing_arrears, history_of_arrears, has_history_of_arrears, course_gap_in_years) VALUES (43, 2026, 'Management', 'English', 'Urban', 8.0, 8.2, 8.5, 8.1, 8.3, 8.6, 8.4, 8.5, 6.4, 1, 1, True, 0);
INSERT INTO academic_records (student_id, ug_year_of_pass, admission_quota, medium_of_instruction, locality, sem1_gpa, sem2_gpa, sem3_gpa, sem4_gpa, sem5_gpa, sem6_gpa, sem7_gpa, sem8_gpa, cgpa, standing_arrears, history_of_arrears, has_history_of_arrears, course_gap_in_years) VALUES (44, 2026, 'Management', 'English', 'Urban', 8.0, 8.2, 8.5, 8.1, 8.3, 8.6, 8.4, 8.5, 7.6, 0, 0, False, 0);
INSERT INTO academic_records (student_id, ug_year_of_pass, admission_quota, medium_of_instruction, locality, sem1_gpa, sem2_gpa, sem3_gpa, sem4_gpa, sem5_gpa, sem6_gpa, sem7_gpa, sem8_gpa, cgpa, standing_arrears, history_of_arrears, has_history_of_arrears, course_gap_in_years) VALUES (45, 2026, 'Management', 'English', 'Urban', 8.0, 8.2, 8.5, 8.1, 8.3, 8.6, 8.4, 8.5, 9.38, 0, 0, False, 0);
INSERT INTO academic_records (student_id, ug_year_of_pass, admission_quota, medium_of_instruction, locality, sem1_gpa, sem2_gpa, sem3_gpa, sem4_gpa, sem5_gpa, sem6_gpa, sem7_gpa, sem8_gpa, cgpa, standing_arrears, history_of_arrears, has_history_of_arrears, course_gap_in_years) VALUES (46, 2026, 'Management', 'English', 'Urban', 8.0, 8.2, 8.5, 8.1, 8.3, 8.6, 8.4, 8.5, 7.29, 1, 1, True, 0);
INSERT INTO academic_records (student_id, ug_year_of_pass, admission_quota, medium_of_instruction, locality, sem1_gpa, sem2_gpa, sem3_gpa, sem4_gpa, sem5_gpa, sem6_gpa, sem7_gpa, sem8_gpa, cgpa, standing_arrears, history_of_arrears, has_history_of_arrears, course_gap_in_years) VALUES (47, 2026, 'Management', 'English', 'Urban', 8.0, 8.2, 8.5, 8.1, 8.3, 8.6, 8.4, 8.5, 7.61, 0, 0, False, 0);
INSERT INTO academic_records (student_id, ug_year_of_pass, admission_quota, medium_of_instruction, locality, sem1_gpa, sem2_gpa, sem3_gpa, sem4_gpa, sem5_gpa, sem6_gpa, sem7_gpa, sem8_gpa, cgpa, standing_arrears, history_of_arrears, has_history_of_arrears, course_gap_in_years) VALUES (48, 2026, 'Management', 'English', 'Urban', 8.0, 8.2, 8.5, 8.1, 8.3, 8.6, 8.4, 8.5, 7.77, 0, 0, False, 0);
INSERT INTO academic_records (student_id, ug_year_of_pass, admission_quota, medium_of_instruction, locality, sem1_gpa, sem2_gpa, sem3_gpa, sem4_gpa, sem5_gpa, sem6_gpa, sem7_gpa, sem8_gpa, cgpa, standing_arrears, history_of_arrears, has_history_of_arrears, course_gap_in_years) VALUES (49, 2026, 'Management', 'English', 'Urban', 8.0, 8.2, 8.5, 8.1, 8.3, 8.6, 8.4, 8.5, 7.59, 2, 2, True, 0);
INSERT INTO academic_records (student_id, ug_year_of_pass, admission_quota, medium_of_instruction, locality, sem1_gpa, sem2_gpa, sem3_gpa, sem4_gpa, sem5_gpa, sem6_gpa, sem7_gpa, sem8_gpa, cgpa, standing_arrears, history_of_arrears, has_history_of_arrears, course_gap_in_years) VALUES (50, 2026, 'Management', 'English', 'Urban', 8.0, 8.2, 8.5, 8.1, 8.3, 8.6, 8.4, 8.5, 7.35, 2, 2, True, 0);

-- 8. Schooling Details
INSERT INTO schooling_details (student_id, x_marks_percentage, x_year_of_passing, x_school_name, x_board_of_study, xii_marks_percentage, xii_year_of_passing, xii_school_name, xii_board_of_study, xii_cut_off_marks, diploma_marks_percentage) VALUES (1, 90.5, 2020, 'DAV Public', 'CBSE', 92.0, 2022, 'DAV Public', 'CBSE', 190.5, NULL);
INSERT INTO schooling_details (student_id, x_marks_percentage, x_year_of_passing, x_school_name, x_board_of_study, xii_marks_percentage, xii_year_of_passing, xii_school_name, xii_board_of_study, xii_cut_off_marks, diploma_marks_percentage) VALUES (2, 90.5, 2020, 'DAV Public', 'CBSE', 92.0, 2022, 'DAV Public', 'CBSE', 190.5, NULL);
INSERT INTO schooling_details (student_id, x_marks_percentage, x_year_of_passing, x_school_name, x_board_of_study, xii_marks_percentage, xii_year_of_passing, xii_school_name, xii_board_of_study, xii_cut_off_marks, diploma_marks_percentage) VALUES (3, 90.5, 2020, 'DAV Public', 'CBSE', 92.0, 2022, 'DAV Public', 'CBSE', 190.5, NULL);
INSERT INTO schooling_details (student_id, x_marks_percentage, x_year_of_passing, x_school_name, x_board_of_study, xii_marks_percentage, xii_year_of_passing, xii_school_name, xii_board_of_study, xii_cut_off_marks, diploma_marks_percentage) VALUES (4, 90.5, 2020, 'DAV Public', 'CBSE', 92.0, 2022, 'DAV Public', 'CBSE', 190.5, NULL);
INSERT INTO schooling_details (student_id, x_marks_percentage, x_year_of_passing, x_school_name, x_board_of_study, xii_marks_percentage, xii_year_of_passing, xii_school_name, xii_board_of_study, xii_cut_off_marks, diploma_marks_percentage) VALUES (5, 90.5, 2020, 'DAV Public', 'CBSE', 92.0, 2022, 'DAV Public', 'CBSE', 190.5, NULL);
INSERT INTO schooling_details (student_id, x_marks_percentage, x_year_of_passing, x_school_name, x_board_of_study, xii_marks_percentage, xii_year_of_passing, xii_school_name, xii_board_of_study, xii_cut_off_marks, diploma_marks_percentage) VALUES (6, 90.5, 2020, 'DAV Public', 'CBSE', 92.0, 2022, 'DAV Public', 'CBSE', 190.5, NULL);
INSERT INTO schooling_details (student_id, x_marks_percentage, x_year_of_passing, x_school_name, x_board_of_study, xii_marks_percentage, xii_year_of_passing, xii_school_name, xii_board_of_study, xii_cut_off_marks, diploma_marks_percentage) VALUES (7, 90.5, 2020, 'DAV Public', 'CBSE', 92.0, 2022, 'DAV Public', 'CBSE', 190.5, NULL);
INSERT INTO schooling_details (student_id, x_marks_percentage, x_year_of_passing, x_school_name, x_board_of_study, xii_marks_percentage, xii_year_of_passing, xii_school_name, xii_board_of_study, xii_cut_off_marks, diploma_marks_percentage) VALUES (8, 90.5, 2020, 'DAV Public', 'CBSE', 92.0, 2022, 'DAV Public', 'CBSE', 190.5, NULL);
INSERT INTO schooling_details (student_id, x_marks_percentage, x_year_of_passing, x_school_name, x_board_of_study, xii_marks_percentage, xii_year_of_passing, xii_school_name, xii_board_of_study, xii_cut_off_marks, diploma_marks_percentage) VALUES (9, 90.5, 2020, 'DAV Public', 'CBSE', 92.0, 2022, 'DAV Public', 'CBSE', 190.5, NULL);
INSERT INTO schooling_details (student_id, x_marks_percentage, x_year_of_passing, x_school_name, x_board_of_study, xii_marks_percentage, xii_year_of_passing, xii_school_name, xii_board_of_study, xii_cut_off_marks, diploma_marks_percentage) VALUES (10, 90.5, 2020, 'DAV Public', 'CBSE', 92.0, 2022, 'DAV Public', 'CBSE', 190.5, NULL);
INSERT INTO schooling_details (student_id, x_marks_percentage, x_year_of_passing, x_school_name, x_board_of_study, xii_marks_percentage, xii_year_of_passing, xii_school_name, xii_board_of_study, xii_cut_off_marks, diploma_marks_percentage) VALUES (11, 90.5, 2020, 'DAV Public', 'CBSE', 92.0, 2022, 'DAV Public', 'CBSE', 190.5, NULL);
INSERT INTO schooling_details (student_id, x_marks_percentage, x_year_of_passing, x_school_name, x_board_of_study, xii_marks_percentage, xii_year_of_passing, xii_school_name, xii_board_of_study, xii_cut_off_marks, diploma_marks_percentage) VALUES (12, 90.5, 2020, 'DAV Public', 'CBSE', 92.0, 2022, 'DAV Public', 'CBSE', 190.5, NULL);
INSERT INTO schooling_details (student_id, x_marks_percentage, x_year_of_passing, x_school_name, x_board_of_study, xii_marks_percentage, xii_year_of_passing, xii_school_name, xii_board_of_study, xii_cut_off_marks, diploma_marks_percentage) VALUES (13, 90.5, 2020, 'DAV Public', 'CBSE', 92.0, 2022, 'DAV Public', 'CBSE', 190.5, NULL);
INSERT INTO schooling_details (student_id, x_marks_percentage, x_year_of_passing, x_school_name, x_board_of_study, xii_marks_percentage, xii_year_of_passing, xii_school_name, xii_board_of_study, xii_cut_off_marks, diploma_marks_percentage) VALUES (14, 90.5, 2020, 'DAV Public', 'CBSE', 92.0, 2022, 'DAV Public', 'CBSE', 190.5, NULL);
INSERT INTO schooling_details (student_id, x_marks_percentage, x_year_of_passing, x_school_name, x_board_of_study, xii_marks_percentage, xii_year_of_passing, xii_school_name, xii_board_of_study, xii_cut_off_marks, diploma_marks_percentage) VALUES (15, 90.5, 2020, 'DAV Public', 'CBSE', 92.0, 2022, 'DAV Public', 'CBSE', 190.5, NULL);
INSERT INTO schooling_details (student_id, x_marks_percentage, x_year_of_passing, x_school_name, x_board_of_study, xii_marks_percentage, xii_year_of_passing, xii_school_name, xii_board_of_study, xii_cut_off_marks, diploma_marks_percentage) VALUES (16, 90.5, 2020, 'DAV Public', 'CBSE', 92.0, 2022, 'DAV Public', 'CBSE', 190.5, NULL);
INSERT INTO schooling_details (student_id, x_marks_percentage, x_year_of_passing, x_school_name, x_board_of_study, xii_marks_percentage, xii_year_of_passing, xii_school_name, xii_board_of_study, xii_cut_off_marks, diploma_marks_percentage) VALUES (17, 90.5, 2020, 'DAV Public', 'CBSE', 92.0, 2022, 'DAV Public', 'CBSE', 190.5, NULL);
INSERT INTO schooling_details (student_id, x_marks_percentage, x_year_of_passing, x_school_name, x_board_of_study, xii_marks_percentage, xii_year_of_passing, xii_school_name, xii_board_of_study, xii_cut_off_marks, diploma_marks_percentage) VALUES (18, 90.5, 2020, 'DAV Public', 'CBSE', 92.0, 2022, 'DAV Public', 'CBSE', 190.5, NULL);
INSERT INTO schooling_details (student_id, x_marks_percentage, x_year_of_passing, x_school_name, x_board_of_study, xii_marks_percentage, xii_year_of_passing, xii_school_name, xii_board_of_study, xii_cut_off_marks, diploma_marks_percentage) VALUES (19, 90.5, 2020, 'DAV Public', 'CBSE', 92.0, 2022, 'DAV Public', 'CBSE', 190.5, NULL);
INSERT INTO schooling_details (student_id, x_marks_percentage, x_year_of_passing, x_school_name, x_board_of_study, xii_marks_percentage, xii_year_of_passing, xii_school_name, xii_board_of_study, xii_cut_off_marks, diploma_marks_percentage) VALUES (20, 90.5, 2020, 'DAV Public', 'CBSE', 92.0, 2022, 'DAV Public', 'CBSE', 190.5, NULL);
INSERT INTO schooling_details (student_id, x_marks_percentage, x_year_of_passing, x_school_name, x_board_of_study, xii_marks_percentage, xii_year_of_passing, xii_school_name, xii_board_of_study, xii_cut_off_marks, diploma_marks_percentage) VALUES (21, 90.5, 2020, 'DAV Public', 'CBSE', 92.0, 2022, 'DAV Public', 'CBSE', 190.5, NULL);
INSERT INTO schooling_details (student_id, x_marks_percentage, x_year_of_passing, x_school_name, x_board_of_study, xii_marks_percentage, xii_year_of_passing, xii_school_name, xii_board_of_study, xii_cut_off_marks, diploma_marks_percentage) VALUES (22, 90.5, 2020, 'DAV Public', 'CBSE', 92.0, 2022, 'DAV Public', 'CBSE', 190.5, NULL);
INSERT INTO schooling_details (student_id, x_marks_percentage, x_year_of_passing, x_school_name, x_board_of_study, xii_marks_percentage, xii_year_of_passing, xii_school_name, xii_board_of_study, xii_cut_off_marks, diploma_marks_percentage) VALUES (23, 90.5, 2020, 'DAV Public', 'CBSE', 92.0, 2022, 'DAV Public', 'CBSE', 190.5, NULL);
INSERT INTO schooling_details (student_id, x_marks_percentage, x_year_of_passing, x_school_name, x_board_of_study, xii_marks_percentage, xii_year_of_passing, xii_school_name, xii_board_of_study, xii_cut_off_marks, diploma_marks_percentage) VALUES (24, 90.5, 2020, 'DAV Public', 'CBSE', 92.0, 2022, 'DAV Public', 'CBSE', 190.5, NULL);
INSERT INTO schooling_details (student_id, x_marks_percentage, x_year_of_passing, x_school_name, x_board_of_study, xii_marks_percentage, xii_year_of_passing, xii_school_name, xii_board_of_study, xii_cut_off_marks, diploma_marks_percentage) VALUES (25, 90.5, 2020, 'DAV Public', 'CBSE', 92.0, 2022, 'DAV Public', 'CBSE', 190.5, NULL);
INSERT INTO schooling_details (student_id, x_marks_percentage, x_year_of_passing, x_school_name, x_board_of_study, xii_marks_percentage, xii_year_of_passing, xii_school_name, xii_board_of_study, xii_cut_off_marks, diploma_marks_percentage) VALUES (26, 90.5, 2020, 'DAV Public', 'CBSE', 92.0, 2022, 'DAV Public', 'CBSE', 190.5, NULL);
INSERT INTO schooling_details (student_id, x_marks_percentage, x_year_of_passing, x_school_name, x_board_of_study, xii_marks_percentage, xii_year_of_passing, xii_school_name, xii_board_of_study, xii_cut_off_marks, diploma_marks_percentage) VALUES (27, 90.5, 2020, 'DAV Public', 'CBSE', 92.0, 2022, 'DAV Public', 'CBSE', 190.5, NULL);
INSERT INTO schooling_details (student_id, x_marks_percentage, x_year_of_passing, x_school_name, x_board_of_study, xii_marks_percentage, xii_year_of_passing, xii_school_name, xii_board_of_study, xii_cut_off_marks, diploma_marks_percentage) VALUES (28, 90.5, 2020, 'DAV Public', 'CBSE', 92.0, 2022, 'DAV Public', 'CBSE', 190.5, NULL);
INSERT INTO schooling_details (student_id, x_marks_percentage, x_year_of_passing, x_school_name, x_board_of_study, xii_marks_percentage, xii_year_of_passing, xii_school_name, xii_board_of_study, xii_cut_off_marks, diploma_marks_percentage) VALUES (29, 90.5, 2020, 'DAV Public', 'CBSE', 92.0, 2022, 'DAV Public', 'CBSE', 190.5, NULL);
INSERT INTO schooling_details (student_id, x_marks_percentage, x_year_of_passing, x_school_name, x_board_of_study, xii_marks_percentage, xii_year_of_passing, xii_school_name, xii_board_of_study, xii_cut_off_marks, diploma_marks_percentage) VALUES (30, 90.5, 2020, 'DAV Public', 'CBSE', 92.0, 2022, 'DAV Public', 'CBSE', 190.5, NULL);
INSERT INTO schooling_details (student_id, x_marks_percentage, x_year_of_passing, x_school_name, x_board_of_study, xii_marks_percentage, xii_year_of_passing, xii_school_name, xii_board_of_study, xii_cut_off_marks, diploma_marks_percentage) VALUES (31, 90.5, 2020, 'DAV Public', 'CBSE', 92.0, 2022, 'DAV Public', 'CBSE', 190.5, NULL);
INSERT INTO schooling_details (student_id, x_marks_percentage, x_year_of_passing, x_school_name, x_board_of_study, xii_marks_percentage, xii_year_of_passing, xii_school_name, xii_board_of_study, xii_cut_off_marks, diploma_marks_percentage) VALUES (32, 90.5, 2020, 'DAV Public', 'CBSE', 92.0, 2022, 'DAV Public', 'CBSE', 190.5, NULL);
INSERT INTO schooling_details (student_id, x_marks_percentage, x_year_of_passing, x_school_name, x_board_of_study, xii_marks_percentage, xii_year_of_passing, xii_school_name, xii_board_of_study, xii_cut_off_marks, diploma_marks_percentage) VALUES (33, 90.5, 2020, 'DAV Public', 'CBSE', 92.0, 2022, 'DAV Public', 'CBSE', 190.5, NULL);
INSERT INTO schooling_details (student_id, x_marks_percentage, x_year_of_passing, x_school_name, x_board_of_study, xii_marks_percentage, xii_year_of_passing, xii_school_name, xii_board_of_study, xii_cut_off_marks, diploma_marks_percentage) VALUES (34, 90.5, 2020, 'DAV Public', 'CBSE', 92.0, 2022, 'DAV Public', 'CBSE', 190.5, NULL);
INSERT INTO schooling_details (student_id, x_marks_percentage, x_year_of_passing, x_school_name, x_board_of_study, xii_marks_percentage, xii_year_of_passing, xii_school_name, xii_board_of_study, xii_cut_off_marks, diploma_marks_percentage) VALUES (35, 90.5, 2020, 'DAV Public', 'CBSE', 92.0, 2022, 'DAV Public', 'CBSE', 190.5, NULL);
INSERT INTO schooling_details (student_id, x_marks_percentage, x_year_of_passing, x_school_name, x_board_of_study, xii_marks_percentage, xii_year_of_passing, xii_school_name, xii_board_of_study, xii_cut_off_marks, diploma_marks_percentage) VALUES (36, 90.5, 2020, 'DAV Public', 'CBSE', 92.0, 2022, 'DAV Public', 'CBSE', 190.5, NULL);
INSERT INTO schooling_details (student_id, x_marks_percentage, x_year_of_passing, x_school_name, x_board_of_study, xii_marks_percentage, xii_year_of_passing, xii_school_name, xii_board_of_study, xii_cut_off_marks, diploma_marks_percentage) VALUES (37, 90.5, 2020, 'DAV Public', 'CBSE', 92.0, 2022, 'DAV Public', 'CBSE', 190.5, NULL);
INSERT INTO schooling_details (student_id, x_marks_percentage, x_year_of_passing, x_school_name, x_board_of_study, xii_marks_percentage, xii_year_of_passing, xii_school_name, xii_board_of_study, xii_cut_off_marks, diploma_marks_percentage) VALUES (38, 90.5, 2020, 'DAV Public', 'CBSE', 92.0, 2022, 'DAV Public', 'CBSE', 190.5, NULL);
INSERT INTO schooling_details (student_id, x_marks_percentage, x_year_of_passing, x_school_name, x_board_of_study, xii_marks_percentage, xii_year_of_passing, xii_school_name, xii_board_of_study, xii_cut_off_marks, diploma_marks_percentage) VALUES (39, 90.5, 2020, 'DAV Public', 'CBSE', 92.0, 2022, 'DAV Public', 'CBSE', 190.5, NULL);
INSERT INTO schooling_details (student_id, x_marks_percentage, x_year_of_passing, x_school_name, x_board_of_study, xii_marks_percentage, xii_year_of_passing, xii_school_name, xii_board_of_study, xii_cut_off_marks, diploma_marks_percentage) VALUES (40, 90.5, 2020, 'DAV Public', 'CBSE', 92.0, 2022, 'DAV Public', 'CBSE', 190.5, NULL);
INSERT INTO schooling_details (student_id, x_marks_percentage, x_year_of_passing, x_school_name, x_board_of_study, xii_marks_percentage, xii_year_of_passing, xii_school_name, xii_board_of_study, xii_cut_off_marks, diploma_marks_percentage) VALUES (41, 90.5, 2020, 'DAV Public', 'CBSE', 92.0, 2022, 'DAV Public', 'CBSE', 190.5, NULL);
INSERT INTO schooling_details (student_id, x_marks_percentage, x_year_of_passing, x_school_name, x_board_of_study, xii_marks_percentage, xii_year_of_passing, xii_school_name, xii_board_of_study, xii_cut_off_marks, diploma_marks_percentage) VALUES (42, 90.5, 2020, 'DAV Public', 'CBSE', 92.0, 2022, 'DAV Public', 'CBSE', 190.5, NULL);
INSERT INTO schooling_details (student_id, x_marks_percentage, x_year_of_passing, x_school_name, x_board_of_study, xii_marks_percentage, xii_year_of_passing, xii_school_name, xii_board_of_study, xii_cut_off_marks, diploma_marks_percentage) VALUES (43, 90.5, 2020, 'DAV Public', 'CBSE', 92.0, 2022, 'DAV Public', 'CBSE', 190.5, NULL);
INSERT INTO schooling_details (student_id, x_marks_percentage, x_year_of_passing, x_school_name, x_board_of_study, xii_marks_percentage, xii_year_of_passing, xii_school_name, xii_board_of_study, xii_cut_off_marks, diploma_marks_percentage) VALUES (44, 90.5, 2020, 'DAV Public', 'CBSE', 92.0, 2022, 'DAV Public', 'CBSE', 190.5, NULL);
INSERT INTO schooling_details (student_id, x_marks_percentage, x_year_of_passing, x_school_name, x_board_of_study, xii_marks_percentage, xii_year_of_passing, xii_school_name, xii_board_of_study, xii_cut_off_marks, diploma_marks_percentage) VALUES (45, 90.5, 2020, 'DAV Public', 'CBSE', 92.0, 2022, 'DAV Public', 'CBSE', 190.5, NULL);
INSERT INTO schooling_details (student_id, x_marks_percentage, x_year_of_passing, x_school_name, x_board_of_study, xii_marks_percentage, xii_year_of_passing, xii_school_name, xii_board_of_study, xii_cut_off_marks, diploma_marks_percentage) VALUES (46, 90.5, 2020, 'DAV Public', 'CBSE', 92.0, 2022, 'DAV Public', 'CBSE', 190.5, NULL);
INSERT INTO schooling_details (student_id, x_marks_percentage, x_year_of_passing, x_school_name, x_board_of_study, xii_marks_percentage, xii_year_of_passing, xii_school_name, xii_board_of_study, xii_cut_off_marks, diploma_marks_percentage) VALUES (47, 90.5, 2020, 'DAV Public', 'CBSE', 92.0, 2022, 'DAV Public', 'CBSE', 190.5, NULL);
INSERT INTO schooling_details (student_id, x_marks_percentage, x_year_of_passing, x_school_name, x_board_of_study, xii_marks_percentage, xii_year_of_passing, xii_school_name, xii_board_of_study, xii_cut_off_marks, diploma_marks_percentage) VALUES (48, 90.5, 2020, 'DAV Public', 'CBSE', 92.0, 2022, 'DAV Public', 'CBSE', 190.5, NULL);
INSERT INTO schooling_details (student_id, x_marks_percentage, x_year_of_passing, x_school_name, x_board_of_study, xii_marks_percentage, xii_year_of_passing, xii_school_name, xii_board_of_study, xii_cut_off_marks, diploma_marks_percentage) VALUES (49, 90.5, 2020, 'DAV Public', 'CBSE', 92.0, 2022, 'DAV Public', 'CBSE', 190.5, NULL);
INSERT INTO schooling_details (student_id, x_marks_percentage, x_year_of_passing, x_school_name, x_board_of_study, xii_marks_percentage, xii_year_of_passing, xii_school_name, xii_board_of_study, xii_cut_off_marks, diploma_marks_percentage) VALUES (50, 90.5, 2020, 'DAV Public', 'CBSE', 92.0, 2022, 'DAV Public', 'CBSE', 190.5, NULL);

-- 9. Professional Profiles
INSERT INTO student_professional_profiles (student_id, linkedin_profile_url, github_profile_url, portfolio_url, leetcode_profile_url, leetcode_problems_solved, leetcode_rating, hackerrank_profile_url, codechef_profile_url, codeforces_profile_url) VALUES (1, 'url', 'url', 'url', 'url', 369, '1500', 'url', 'url', 'url');
INSERT INTO student_professional_profiles (student_id, linkedin_profile_url, github_profile_url, portfolio_url, leetcode_profile_url, leetcode_problems_solved, leetcode_rating, hackerrank_profile_url, codechef_profile_url, codeforces_profile_url) VALUES (2, 'url', 'url', 'url', 'url', 411, '1500', 'url', 'url', 'url');
INSERT INTO student_professional_profiles (student_id, linkedin_profile_url, github_profile_url, portfolio_url, leetcode_profile_url, leetcode_problems_solved, leetcode_rating, hackerrank_profile_url, codechef_profile_url, codeforces_profile_url) VALUES (3, 'url', 'url', 'url', 'url', 419, '1500', 'url', 'url', 'url');
INSERT INTO student_professional_profiles (student_id, linkedin_profile_url, github_profile_url, portfolio_url, leetcode_profile_url, leetcode_problems_solved, leetcode_rating, hackerrank_profile_url, codechef_profile_url, codeforces_profile_url) VALUES (4, 'url', 'url', 'url', 'url', 326, '1500', 'url', 'url', 'url');
INSERT INTO student_professional_profiles (student_id, linkedin_profile_url, github_profile_url, portfolio_url, leetcode_profile_url, leetcode_problems_solved, leetcode_rating, hackerrank_profile_url, codechef_profile_url, codeforces_profile_url) VALUES (5, 'url', 'url', 'url', 'url', 117, '1500', 'url', 'url', 'url');
INSERT INTO student_professional_profiles (student_id, linkedin_profile_url, github_profile_url, portfolio_url, leetcode_profile_url, leetcode_problems_solved, leetcode_rating, hackerrank_profile_url, codechef_profile_url, codeforces_profile_url) VALUES (6, 'url', 'url', 'url', 'url', 494, '1500', 'url', 'url', 'url');
INSERT INTO student_professional_profiles (student_id, linkedin_profile_url, github_profile_url, portfolio_url, leetcode_profile_url, leetcode_problems_solved, leetcode_rating, hackerrank_profile_url, codechef_profile_url, codeforces_profile_url) VALUES (7, 'url', 'url', 'url', 'url', 73, '1500', 'url', 'url', 'url');
INSERT INTO student_professional_profiles (student_id, linkedin_profile_url, github_profile_url, portfolio_url, leetcode_profile_url, leetcode_problems_solved, leetcode_rating, hackerrank_profile_url, codechef_profile_url, codeforces_profile_url) VALUES (8, 'url', 'url', 'url', 'url', 190, '1500', 'url', 'url', 'url');
INSERT INTO student_professional_profiles (student_id, linkedin_profile_url, github_profile_url, portfolio_url, leetcode_profile_url, leetcode_problems_solved, leetcode_rating, hackerrank_profile_url, codechef_profile_url, codeforces_profile_url) VALUES (9, 'url', 'url', 'url', 'url', 433, '1500', 'url', 'url', 'url');
INSERT INTO student_professional_profiles (student_id, linkedin_profile_url, github_profile_url, portfolio_url, leetcode_profile_url, leetcode_problems_solved, leetcode_rating, hackerrank_profile_url, codechef_profile_url, codeforces_profile_url) VALUES (10, 'url', 'url', 'url', 'url', 398, '1500', 'url', 'url', 'url');
INSERT INTO student_professional_profiles (student_id, linkedin_profile_url, github_profile_url, portfolio_url, leetcode_profile_url, leetcode_problems_solved, leetcode_rating, hackerrank_profile_url, codechef_profile_url, codeforces_profile_url) VALUES (11, 'url', 'url', 'url', 'url', 201, '1500', 'url', 'url', 'url');
INSERT INTO student_professional_profiles (student_id, linkedin_profile_url, github_profile_url, portfolio_url, leetcode_profile_url, leetcode_problems_solved, leetcode_rating, hackerrank_profile_url, codechef_profile_url, codeforces_profile_url) VALUES (12, 'url', 'url', 'url', 'url', 63, '1500', 'url', 'url', 'url');
INSERT INTO student_professional_profiles (student_id, linkedin_profile_url, github_profile_url, portfolio_url, leetcode_profile_url, leetcode_problems_solved, leetcode_rating, hackerrank_profile_url, codechef_profile_url, codeforces_profile_url) VALUES (13, 'url', 'url', 'url', 'url', 339, '1500', 'url', 'url', 'url');
INSERT INTO student_professional_profiles (student_id, linkedin_profile_url, github_profile_url, portfolio_url, leetcode_profile_url, leetcode_problems_solved, leetcode_rating, hackerrank_profile_url, codechef_profile_url, codeforces_profile_url) VALUES (14, 'url', 'url', 'url', 'url', 106, '1500', 'url', 'url', 'url');
INSERT INTO student_professional_profiles (student_id, linkedin_profile_url, github_profile_url, portfolio_url, leetcode_profile_url, leetcode_problems_solved, leetcode_rating, hackerrank_profile_url, codechef_profile_url, codeforces_profile_url) VALUES (15, 'url', 'url', 'url', 'url', 250, '1500', 'url', 'url', 'url');
INSERT INTO student_professional_profiles (student_id, linkedin_profile_url, github_profile_url, portfolio_url, leetcode_profile_url, leetcode_problems_solved, leetcode_rating, hackerrank_profile_url, codechef_profile_url, codeforces_profile_url) VALUES (16, 'url', 'url', 'url', 'url', 364, '1500', 'url', 'url', 'url');
INSERT INTO student_professional_profiles (student_id, linkedin_profile_url, github_profile_url, portfolio_url, leetcode_profile_url, leetcode_problems_solved, leetcode_rating, hackerrank_profile_url, codechef_profile_url, codeforces_profile_url) VALUES (17, 'url', 'url', 'url', 'url', 441, '1500', 'url', 'url', 'url');
INSERT INTO student_professional_profiles (student_id, linkedin_profile_url, github_profile_url, portfolio_url, leetcode_profile_url, leetcode_problems_solved, leetcode_rating, hackerrank_profile_url, codechef_profile_url, codeforces_profile_url) VALUES (18, 'url', 'url', 'url', 'url', 147, '1500', 'url', 'url', 'url');
INSERT INTO student_professional_profiles (student_id, linkedin_profile_url, github_profile_url, portfolio_url, leetcode_profile_url, leetcode_problems_solved, leetcode_rating, hackerrank_profile_url, codechef_profile_url, codeforces_profile_url) VALUES (19, 'url', 'url', 'url', 'url', 182, '1500', 'url', 'url', 'url');
INSERT INTO student_professional_profiles (student_id, linkedin_profile_url, github_profile_url, portfolio_url, leetcode_profile_url, leetcode_problems_solved, leetcode_rating, hackerrank_profile_url, codechef_profile_url, codeforces_profile_url) VALUES (20, 'url', 'url', 'url', 'url', 90, '1500', 'url', 'url', 'url');
INSERT INTO student_professional_profiles (student_id, linkedin_profile_url, github_profile_url, portfolio_url, leetcode_profile_url, leetcode_problems_solved, leetcode_rating, hackerrank_profile_url, codechef_profile_url, codeforces_profile_url) VALUES (21, 'url', 'url', 'url', 'url', 208, '1500', 'url', 'url', 'url');
INSERT INTO student_professional_profiles (student_id, linkedin_profile_url, github_profile_url, portfolio_url, leetcode_profile_url, leetcode_problems_solved, leetcode_rating, hackerrank_profile_url, codechef_profile_url, codeforces_profile_url) VALUES (22, 'url', 'url', 'url', 'url', 65, '1500', 'url', 'url', 'url');
INSERT INTO student_professional_profiles (student_id, linkedin_profile_url, github_profile_url, portfolio_url, leetcode_profile_url, leetcode_problems_solved, leetcode_rating, hackerrank_profile_url, codechef_profile_url, codeforces_profile_url) VALUES (23, 'url', 'url', 'url', 'url', 308, '1500', 'url', 'url', 'url');
INSERT INTO student_professional_profiles (student_id, linkedin_profile_url, github_profile_url, portfolio_url, leetcode_profile_url, leetcode_problems_solved, leetcode_rating, hackerrank_profile_url, codechef_profile_url, codeforces_profile_url) VALUES (24, 'url', 'url', 'url', 'url', 479, '1500', 'url', 'url', 'url');
INSERT INTO student_professional_profiles (student_id, linkedin_profile_url, github_profile_url, portfolio_url, leetcode_profile_url, leetcode_problems_solved, leetcode_rating, hackerrank_profile_url, codechef_profile_url, codeforces_profile_url) VALUES (25, 'url', 'url', 'url', 'url', 396, '1500', 'url', 'url', 'url');
INSERT INTO student_professional_profiles (student_id, linkedin_profile_url, github_profile_url, portfolio_url, leetcode_profile_url, leetcode_problems_solved, leetcode_rating, hackerrank_profile_url, codechef_profile_url, codeforces_profile_url) VALUES (26, 'url', 'url', 'url', 'url', 156, '1500', 'url', 'url', 'url');
INSERT INTO student_professional_profiles (student_id, linkedin_profile_url, github_profile_url, portfolio_url, leetcode_profile_url, leetcode_problems_solved, leetcode_rating, hackerrank_profile_url, codechef_profile_url, codeforces_profile_url) VALUES (27, 'url', 'url', 'url', 'url', 405, '1500', 'url', 'url', 'url');
INSERT INTO student_professional_profiles (student_id, linkedin_profile_url, github_profile_url, portfolio_url, leetcode_profile_url, leetcode_problems_solved, leetcode_rating, hackerrank_profile_url, codechef_profile_url, codeforces_profile_url) VALUES (28, 'url', 'url', 'url', 'url', 380, '1500', 'url', 'url', 'url');
INSERT INTO student_professional_profiles (student_id, linkedin_profile_url, github_profile_url, portfolio_url, leetcode_profile_url, leetcode_problems_solved, leetcode_rating, hackerrank_profile_url, codechef_profile_url, codeforces_profile_url) VALUES (29, 'url', 'url', 'url', 'url', 187, '1500', 'url', 'url', 'url');
INSERT INTO student_professional_profiles (student_id, linkedin_profile_url, github_profile_url, portfolio_url, leetcode_profile_url, leetcode_problems_solved, leetcode_rating, hackerrank_profile_url, codechef_profile_url, codeforces_profile_url) VALUES (30, 'url', 'url', 'url', 'url', 214, '1500', 'url', 'url', 'url');
INSERT INTO student_professional_profiles (student_id, linkedin_profile_url, github_profile_url, portfolio_url, leetcode_profile_url, leetcode_problems_solved, leetcode_rating, hackerrank_profile_url, codechef_profile_url, codeforces_profile_url) VALUES (31, 'url', 'url', 'url', 'url', 495, '1500', 'url', 'url', 'url');
INSERT INTO student_professional_profiles (student_id, linkedin_profile_url, github_profile_url, portfolio_url, leetcode_profile_url, leetcode_problems_solved, leetcode_rating, hackerrank_profile_url, codechef_profile_url, codeforces_profile_url) VALUES (32, 'url', 'url', 'url', 'url', 201, '1500', 'url', 'url', 'url');
INSERT INTO student_professional_profiles (student_id, linkedin_profile_url, github_profile_url, portfolio_url, leetcode_profile_url, leetcode_problems_solved, leetcode_rating, hackerrank_profile_url, codechef_profile_url, codeforces_profile_url) VALUES (33, 'url', 'url', 'url', 'url', 200, '1500', 'url', 'url', 'url');
INSERT INTO student_professional_profiles (student_id, linkedin_profile_url, github_profile_url, portfolio_url, leetcode_profile_url, leetcode_problems_solved, leetcode_rating, hackerrank_profile_url, codechef_profile_url, codeforces_profile_url) VALUES (34, 'url', 'url', 'url', 'url', 410, '1500', 'url', 'url', 'url');
INSERT INTO student_professional_profiles (student_id, linkedin_profile_url, github_profile_url, portfolio_url, leetcode_profile_url, leetcode_problems_solved, leetcode_rating, hackerrank_profile_url, codechef_profile_url, codeforces_profile_url) VALUES (35, 'url', 'url', 'url', 'url', 240, '1500', 'url', 'url', 'url');
INSERT INTO student_professional_profiles (student_id, linkedin_profile_url, github_profile_url, portfolio_url, leetcode_profile_url, leetcode_problems_solved, leetcode_rating, hackerrank_profile_url, codechef_profile_url, codeforces_profile_url) VALUES (36, 'url', 'url', 'url', 'url', 463, '1500', 'url', 'url', 'url');
INSERT INTO student_professional_profiles (student_id, linkedin_profile_url, github_profile_url, portfolio_url, leetcode_profile_url, leetcode_problems_solved, leetcode_rating, hackerrank_profile_url, codechef_profile_url, codeforces_profile_url) VALUES (37, 'url', 'url', 'url', 'url', 273, '1500', 'url', 'url', 'url');
INSERT INTO student_professional_profiles (student_id, linkedin_profile_url, github_profile_url, portfolio_url, leetcode_profile_url, leetcode_problems_solved, leetcode_rating, hackerrank_profile_url, codechef_profile_url, codeforces_profile_url) VALUES (38, 'url', 'url', 'url', 'url', 231, '1500', 'url', 'url', 'url');
INSERT INTO student_professional_profiles (student_id, linkedin_profile_url, github_profile_url, portfolio_url, leetcode_profile_url, leetcode_problems_solved, leetcode_rating, hackerrank_profile_url, codechef_profile_url, codeforces_profile_url) VALUES (39, 'url', 'url', 'url', 'url', 277, '1500', 'url', 'url', 'url');
INSERT INTO student_professional_profiles (student_id, linkedin_profile_url, github_profile_url, portfolio_url, leetcode_profile_url, leetcode_problems_solved, leetcode_rating, hackerrank_profile_url, codechef_profile_url, codeforces_profile_url) VALUES (40, 'url', 'url', 'url', 'url', 134, '1500', 'url', 'url', 'url');
INSERT INTO student_professional_profiles (student_id, linkedin_profile_url, github_profile_url, portfolio_url, leetcode_profile_url, leetcode_problems_solved, leetcode_rating, hackerrank_profile_url, codechef_profile_url, codeforces_profile_url) VALUES (41, 'url', 'url', 'url', 'url', 399, '1500', 'url', 'url', 'url');
INSERT INTO student_professional_profiles (student_id, linkedin_profile_url, github_profile_url, portfolio_url, leetcode_profile_url, leetcode_problems_solved, leetcode_rating, hackerrank_profile_url, codechef_profile_url, codeforces_profile_url) VALUES (42, 'url', 'url', 'url', 'url', 386, '1500', 'url', 'url', 'url');
INSERT INTO student_professional_profiles (student_id, linkedin_profile_url, github_profile_url, portfolio_url, leetcode_profile_url, leetcode_problems_solved, leetcode_rating, hackerrank_profile_url, codechef_profile_url, codeforces_profile_url) VALUES (43, 'url', 'url', 'url', 'url', 106, '1500', 'url', 'url', 'url');
INSERT INTO student_professional_profiles (student_id, linkedin_profile_url, github_profile_url, portfolio_url, leetcode_profile_url, leetcode_problems_solved, leetcode_rating, hackerrank_profile_url, codechef_profile_url, codeforces_profile_url) VALUES (44, 'url', 'url', 'url', 'url', 172, '1500', 'url', 'url', 'url');
INSERT INTO student_professional_profiles (student_id, linkedin_profile_url, github_profile_url, portfolio_url, leetcode_profile_url, leetcode_problems_solved, leetcode_rating, hackerrank_profile_url, codechef_profile_url, codeforces_profile_url) VALUES (45, 'url', 'url', 'url', 'url', 91, '1500', 'url', 'url', 'url');
INSERT INTO student_professional_profiles (student_id, linkedin_profile_url, github_profile_url, portfolio_url, leetcode_profile_url, leetcode_problems_solved, leetcode_rating, hackerrank_profile_url, codechef_profile_url, codeforces_profile_url) VALUES (46, 'url', 'url', 'url', 'url', 466, '1500', 'url', 'url', 'url');
INSERT INTO student_professional_profiles (student_id, linkedin_profile_url, github_profile_url, portfolio_url, leetcode_profile_url, leetcode_problems_solved, leetcode_rating, hackerrank_profile_url, codechef_profile_url, codeforces_profile_url) VALUES (47, 'url', 'url', 'url', 'url', 186, '1500', 'url', 'url', 'url');
INSERT INTO student_professional_profiles (student_id, linkedin_profile_url, github_profile_url, portfolio_url, leetcode_profile_url, leetcode_problems_solved, leetcode_rating, hackerrank_profile_url, codechef_profile_url, codeforces_profile_url) VALUES (48, 'url', 'url', 'url', 'url', 226, '1500', 'url', 'url', 'url');
INSERT INTO student_professional_profiles (student_id, linkedin_profile_url, github_profile_url, portfolio_url, leetcode_profile_url, leetcode_problems_solved, leetcode_rating, hackerrank_profile_url, codechef_profile_url, codeforces_profile_url) VALUES (49, 'url', 'url', 'url', 'url', 104, '1500', 'url', 'url', 'url');
INSERT INTO student_professional_profiles (student_id, linkedin_profile_url, github_profile_url, portfolio_url, leetcode_profile_url, leetcode_problems_solved, leetcode_rating, hackerrank_profile_url, codechef_profile_url, codeforces_profile_url) VALUES (50, 'url', 'url', 'url', 'url', 499, '1500', 'url', 'url', 'url');

-- 10. Student Certifications (50 total)
INSERT INTO student_certifications (student_id, skill_name, duration, vendor) VALUES (30, 'AWS Cloud', '3 months', 'AWS');
INSERT INTO student_certifications (student_id, skill_name, duration, vendor) VALUES (3, 'AWS Cloud', '3 months', 'AWS');
INSERT INTO student_certifications (student_id, skill_name, duration, vendor) VALUES (40, 'AWS Cloud', '3 months', 'AWS');
INSERT INTO student_certifications (student_id, skill_name, duration, vendor) VALUES (15, 'AWS Cloud', '3 months', 'AWS');
INSERT INTO student_certifications (student_id, skill_name, duration, vendor) VALUES (31, 'AWS Cloud', '3 months', 'AWS');
INSERT INTO student_certifications (student_id, skill_name, duration, vendor) VALUES (32, 'AWS Cloud', '3 months', 'AWS');
INSERT INTO student_certifications (student_id, skill_name, duration, vendor) VALUES (19, 'AWS Cloud', '3 months', 'AWS');
INSERT INTO student_certifications (student_id, skill_name, duration, vendor) VALUES (19, 'AWS Cloud', '3 months', 'AWS');
INSERT INTO student_certifications (student_id, skill_name, duration, vendor) VALUES (23, 'AWS Cloud', '3 months', 'AWS');
INSERT INTO student_certifications (student_id, skill_name, duration, vendor) VALUES (33, 'AWS Cloud', '3 months', 'AWS');
INSERT INTO student_certifications (student_id, skill_name, duration, vendor) VALUES (44, 'AWS Cloud', '3 months', 'AWS');
INSERT INTO student_certifications (student_id, skill_name, duration, vendor) VALUES (3, 'AWS Cloud', '3 months', 'AWS');
INSERT INTO student_certifications (student_id, skill_name, duration, vendor) VALUES (17, 'AWS Cloud', '3 months', 'AWS');
INSERT INTO student_certifications (student_id, skill_name, duration, vendor) VALUES (6, 'AWS Cloud', '3 months', 'AWS');
INSERT INTO student_certifications (student_id, skill_name, duration, vendor) VALUES (43, 'AWS Cloud', '3 months', 'AWS');
INSERT INTO student_certifications (student_id, skill_name, duration, vendor) VALUES (3, 'AWS Cloud', '3 months', 'AWS');
INSERT INTO student_certifications (student_id, skill_name, duration, vendor) VALUES (41, 'AWS Cloud', '3 months', 'AWS');
INSERT INTO student_certifications (student_id, skill_name, duration, vendor) VALUES (43, 'AWS Cloud', '3 months', 'AWS');
INSERT INTO student_certifications (student_id, skill_name, duration, vendor) VALUES (7, 'AWS Cloud', '3 months', 'AWS');
INSERT INTO student_certifications (student_id, skill_name, duration, vendor) VALUES (6, 'AWS Cloud', '3 months', 'AWS');
INSERT INTO student_certifications (student_id, skill_name, duration, vendor) VALUES (34, 'AWS Cloud', '3 months', 'AWS');
INSERT INTO student_certifications (student_id, skill_name, duration, vendor) VALUES (46, 'AWS Cloud', '3 months', 'AWS');
INSERT INTO student_certifications (student_id, skill_name, duration, vendor) VALUES (25, 'AWS Cloud', '3 months', 'AWS');
INSERT INTO student_certifications (student_id, skill_name, duration, vendor) VALUES (38, 'AWS Cloud', '3 months', 'AWS');
INSERT INTO student_certifications (student_id, skill_name, duration, vendor) VALUES (10, 'AWS Cloud', '3 months', 'AWS');
INSERT INTO student_certifications (student_id, skill_name, duration, vendor) VALUES (6, 'AWS Cloud', '3 months', 'AWS');
INSERT INTO student_certifications (student_id, skill_name, duration, vendor) VALUES (4, 'AWS Cloud', '3 months', 'AWS');
INSERT INTO student_certifications (student_id, skill_name, duration, vendor) VALUES (41, 'AWS Cloud', '3 months', 'AWS');
INSERT INTO student_certifications (student_id, skill_name, duration, vendor) VALUES (40, 'AWS Cloud', '3 months', 'AWS');
INSERT INTO student_certifications (student_id, skill_name, duration, vendor) VALUES (38, 'AWS Cloud', '3 months', 'AWS');
INSERT INTO student_certifications (student_id, skill_name, duration, vendor) VALUES (12, 'AWS Cloud', '3 months', 'AWS');
INSERT INTO student_certifications (student_id, skill_name, duration, vendor) VALUES (44, 'AWS Cloud', '3 months', 'AWS');
INSERT INTO student_certifications (student_id, skill_name, duration, vendor) VALUES (29, 'AWS Cloud', '3 months', 'AWS');
INSERT INTO student_certifications (student_id, skill_name, duration, vendor) VALUES (49, 'AWS Cloud', '3 months', 'AWS');
INSERT INTO student_certifications (student_id, skill_name, duration, vendor) VALUES (44, 'AWS Cloud', '3 months', 'AWS');
INSERT INTO student_certifications (student_id, skill_name, duration, vendor) VALUES (48, 'AWS Cloud', '3 months', 'AWS');
INSERT INTO student_certifications (student_id, skill_name, duration, vendor) VALUES (13, 'AWS Cloud', '3 months', 'AWS');
INSERT INTO student_certifications (student_id, skill_name, duration, vendor) VALUES (3, 'AWS Cloud', '3 months', 'AWS');
INSERT INTO student_certifications (student_id, skill_name, duration, vendor) VALUES (25, 'AWS Cloud', '3 months', 'AWS');
INSERT INTO student_certifications (student_id, skill_name, duration, vendor) VALUES (8, 'AWS Cloud', '3 months', 'AWS');
INSERT INTO student_certifications (student_id, skill_name, duration, vendor) VALUES (15, 'AWS Cloud', '3 months', 'AWS');
INSERT INTO student_certifications (student_id, skill_name, duration, vendor) VALUES (46, 'AWS Cloud', '3 months', 'AWS');
INSERT INTO student_certifications (student_id, skill_name, duration, vendor) VALUES (31, 'AWS Cloud', '3 months', 'AWS');
INSERT INTO student_certifications (student_id, skill_name, duration, vendor) VALUES (31, 'AWS Cloud', '3 months', 'AWS');
INSERT INTO student_certifications (student_id, skill_name, duration, vendor) VALUES (19, 'AWS Cloud', '3 months', 'AWS');
INSERT INTO student_certifications (student_id, skill_name, duration, vendor) VALUES (25, 'AWS Cloud', '3 months', 'AWS');
INSERT INTO student_certifications (student_id, skill_name, duration, vendor) VALUES (11, 'AWS Cloud', '3 months', 'AWS');
INSERT INTO student_certifications (student_id, skill_name, duration, vendor) VALUES (9, 'AWS Cloud', '3 months', 'AWS');
INSERT INTO student_certifications (student_id, skill_name, duration, vendor) VALUES (20, 'AWS Cloud', '3 months', 'AWS');
INSERT INTO student_certifications (student_id, skill_name, duration, vendor) VALUES (38, 'AWS Cloud', '3 months', 'AWS');

-- 11. Companies
INSERT INTO companies (id, name, website, industry, visit_history) VALUES (1, 'Infosys 1', 'www.infosys1.com', 'IT', 'Visited 2023');
INSERT INTO companies (id, name, website, industry, visit_history) VALUES (2, 'TCS 2', 'www.tcs2.com', 'IT', 'Visited 2023');
INSERT INTO companies (id, name, website, industry, visit_history) VALUES (3, 'Infosys 3', 'www.infosys3.com', 'IT', 'Visited 2023');
INSERT INTO companies (id, name, website, industry, visit_history) VALUES (4, 'Amazon 4', 'www.amazon4.com', 'IT', 'Visited 2023');
INSERT INTO companies (id, name, website, industry, visit_history) VALUES (5, 'Amazon 5', 'www.amazon5.com', 'IT', 'Visited 2023');
INSERT INTO companies (id, name, website, industry, visit_history) VALUES (6, 'Adobe 6', 'www.adobe6.com', 'IT', 'Visited 2023');
INSERT INTO companies (id, name, website, industry, visit_history) VALUES (7, 'Meta 7', 'www.meta7.com', 'IT', 'Visited 2023');
INSERT INTO companies (id, name, website, industry, visit_history) VALUES (8, 'Netflix 8', 'www.netflix8.com', 'IT', 'Visited 2023');
INSERT INTO companies (id, name, website, industry, visit_history) VALUES (9, 'TCS 9', 'www.tcs9.com', 'IT', 'Visited 2023');
INSERT INTO companies (id, name, website, industry, visit_history) VALUES (10, 'Netflix 10', 'www.netflix10.com', 'IT', 'Visited 2023');
INSERT INTO companies (id, name, website, industry, visit_history) VALUES (11, 'Amazon 11', 'www.amazon11.com', 'IT', 'Visited 2023');
INSERT INTO companies (id, name, website, industry, visit_history) VALUES (12, 'Netflix 12', 'www.netflix12.com', 'IT', 'Visited 2023');
INSERT INTO companies (id, name, website, industry, visit_history) VALUES (13, 'Adobe 13', 'www.adobe13.com', 'IT', 'Visited 2023');
INSERT INTO companies (id, name, website, industry, visit_history) VALUES (14, 'Adobe 14', 'www.adobe14.com', 'IT', 'Visited 2023');
INSERT INTO companies (id, name, website, industry, visit_history) VALUES (15, 'Google 15', 'www.google15.com', 'IT', 'Visited 2023');
INSERT INTO companies (id, name, website, industry, visit_history) VALUES (16, 'TCS 16', 'www.tcs16.com', 'IT', 'Visited 2023');
INSERT INTO companies (id, name, website, industry, visit_history) VALUES (17, 'Meta 17', 'www.meta17.com', 'IT', 'Visited 2023');
INSERT INTO companies (id, name, website, industry, visit_history) VALUES (18, 'Infosys 18', 'www.infosys18.com', 'IT', 'Visited 2023');
INSERT INTO companies (id, name, website, industry, visit_history) VALUES (19, 'Netflix 19', 'www.netflix19.com', 'IT', 'Visited 2023');
INSERT INTO companies (id, name, website, industry, visit_history) VALUES (20, 'Infosys 20', 'www.infosys20.com', 'IT', 'Visited 2023');
INSERT INTO companies (id, name, website, industry, visit_history) VALUES (21, 'Amazon 21', 'www.amazon21.com', 'IT', 'Visited 2023');
INSERT INTO companies (id, name, website, industry, visit_history) VALUES (22, 'Wipro 22', 'www.wipro22.com', 'IT', 'Visited 2023');
INSERT INTO companies (id, name, website, industry, visit_history) VALUES (23, 'Wipro 23', 'www.wipro23.com', 'IT', 'Visited 2023');
INSERT INTO companies (id, name, website, industry, visit_history) VALUES (24, 'Apple 24', 'www.apple24.com', 'IT', 'Visited 2023');
INSERT INTO companies (id, name, website, industry, visit_history) VALUES (25, 'Google 25', 'www.google25.com', 'IT', 'Visited 2023');
INSERT INTO companies (id, name, website, industry, visit_history) VALUES (26, 'Infosys 26', 'www.infosys26.com', 'IT', 'Visited 2023');
INSERT INTO companies (id, name, website, industry, visit_history) VALUES (27, 'Netflix 27', 'www.netflix27.com', 'IT', 'Visited 2023');
INSERT INTO companies (id, name, website, industry, visit_history) VALUES (28, 'Adobe 28', 'www.adobe28.com', 'IT', 'Visited 2023');
INSERT INTO companies (id, name, website, industry, visit_history) VALUES (29, 'Wipro 29', 'www.wipro29.com', 'IT', 'Visited 2023');
INSERT INTO companies (id, name, website, industry, visit_history) VALUES (30, 'Google 30', 'www.google30.com', 'IT', 'Visited 2023');
INSERT INTO companies (id, name, website, industry, visit_history) VALUES (31, 'Google 31', 'www.google31.com', 'IT', 'Visited 2023');
INSERT INTO companies (id, name, website, industry, visit_history) VALUES (32, 'TCS 32', 'www.tcs32.com', 'IT', 'Visited 2023');
INSERT INTO companies (id, name, website, industry, visit_history) VALUES (33, 'Adobe 33', 'www.adobe33.com', 'IT', 'Visited 2023');
INSERT INTO companies (id, name, website, industry, visit_history) VALUES (34, 'TCS 34', 'www.tcs34.com', 'IT', 'Visited 2023');
INSERT INTO companies (id, name, website, industry, visit_history) VALUES (35, 'Netflix 35', 'www.netflix35.com', 'IT', 'Visited 2023');
INSERT INTO companies (id, name, website, industry, visit_history) VALUES (36, 'TCS 36', 'www.tcs36.com', 'IT', 'Visited 2023');
INSERT INTO companies (id, name, website, industry, visit_history) VALUES (37, 'Google 37', 'www.google37.com', 'IT', 'Visited 2023');
INSERT INTO companies (id, name, website, industry, visit_history) VALUES (38, 'Adobe 38', 'www.adobe38.com', 'IT', 'Visited 2023');
INSERT INTO companies (id, name, website, industry, visit_history) VALUES (39, 'Amazon 39', 'www.amazon39.com', 'IT', 'Visited 2023');
INSERT INTO companies (id, name, website, industry, visit_history) VALUES (40, 'Netflix 40', 'www.netflix40.com', 'IT', 'Visited 2023');
INSERT INTO companies (id, name, website, industry, visit_history) VALUES (41, 'Amazon 41', 'www.amazon41.com', 'IT', 'Visited 2023');
INSERT INTO companies (id, name, website, industry, visit_history) VALUES (42, 'Adobe 42', 'www.adobe42.com', 'IT', 'Visited 2023');
INSERT INTO companies (id, name, website, industry, visit_history) VALUES (43, 'Infosys 43', 'www.infosys43.com', 'IT', 'Visited 2023');
INSERT INTO companies (id, name, website, industry, visit_history) VALUES (44, 'Netflix 44', 'www.netflix44.com', 'IT', 'Visited 2023');
INSERT INTO companies (id, name, website, industry, visit_history) VALUES (45, 'Google 45', 'www.google45.com', 'IT', 'Visited 2023');
INSERT INTO companies (id, name, website, industry, visit_history) VALUES (46, 'Google 46', 'www.google46.com', 'IT', 'Visited 2023');
INSERT INTO companies (id, name, website, industry, visit_history) VALUES (47, 'TCS 47', 'www.tcs47.com', 'IT', 'Visited 2023');
INSERT INTO companies (id, name, website, industry, visit_history) VALUES (48, 'Netflix 48', 'www.netflix48.com', 'IT', 'Visited 2023');
INSERT INTO companies (id, name, website, industry, visit_history) VALUES (49, 'Microsoft 49', 'www.microsoft49.com', 'IT', 'Visited 2023');
INSERT INTO companies (id, name, website, industry, visit_history) VALUES (50, 'Google 50', 'www.google50.com', 'IT', 'Visited 2023');

-- 12. Placement Drives
INSERT INTO placement_drives (id, company_id, title, role, ctc_lpa, status) VALUES (1, 16, 'Software Engineer Hiring 1', 'SDE', 15.0, 'UPCOMING');
INSERT INTO placement_drives (id, company_id, title, role, ctc_lpa, status) VALUES (2, 29, 'Software Engineer Hiring 2', 'SDE', 7.0, 'COMPLETED');
INSERT INTO placement_drives (id, company_id, title, role, ctc_lpa, status) VALUES (3, 37, 'Software Engineer Hiring 3', 'SDE', 20.0, 'ONGOING');
INSERT INTO placement_drives (id, company_id, title, role, ctc_lpa, status) VALUES (4, 48, 'Software Engineer Hiring 4', 'SDE', 15.0, 'COMPLETED');
INSERT INTO placement_drives (id, company_id, title, role, ctc_lpa, status) VALUES (5, 36, 'Software Engineer Hiring 5', 'SDE', 10.0, 'COMPLETED');
INSERT INTO placement_drives (id, company_id, title, role, ctc_lpa, status) VALUES (6, 29, 'Software Engineer Hiring 6', 'SDE', 10.0, 'ONGOING');
INSERT INTO placement_drives (id, company_id, title, role, ctc_lpa, status) VALUES (7, 2, 'Software Engineer Hiring 7', 'SDE', 5.0, 'COMPLETED');
INSERT INTO placement_drives (id, company_id, title, role, ctc_lpa, status) VALUES (8, 39, 'Software Engineer Hiring 8', 'SDE', 7.0, 'ONGOING');
INSERT INTO placement_drives (id, company_id, title, role, ctc_lpa, status) VALUES (9, 35, 'Software Engineer Hiring 9', 'SDE', 7.0, 'ONGOING');
INSERT INTO placement_drives (id, company_id, title, role, ctc_lpa, status) VALUES (10, 49, 'Software Engineer Hiring 10', 'SDE', 5.0, 'UPCOMING');
INSERT INTO placement_drives (id, company_id, title, role, ctc_lpa, status) VALUES (11, 4, 'Software Engineer Hiring 11', 'SDE', 3.5, 'UPCOMING');
INSERT INTO placement_drives (id, company_id, title, role, ctc_lpa, status) VALUES (12, 11, 'Software Engineer Hiring 12', 'SDE', 7.0, 'COMPLETED');
INSERT INTO placement_drives (id, company_id, title, role, ctc_lpa, status) VALUES (13, 31, 'Software Engineer Hiring 13', 'SDE', 15.0, 'UPCOMING');
INSERT INTO placement_drives (id, company_id, title, role, ctc_lpa, status) VALUES (14, 24, 'Software Engineer Hiring 14', 'SDE', 20.0, 'ONGOING');
INSERT INTO placement_drives (id, company_id, title, role, ctc_lpa, status) VALUES (15, 42, 'Software Engineer Hiring 15', 'SDE', 10.0, 'COMPLETED');
INSERT INTO placement_drives (id, company_id, title, role, ctc_lpa, status) VALUES (16, 31, 'Software Engineer Hiring 16', 'SDE', 3.5, 'ONGOING');
INSERT INTO placement_drives (id, company_id, title, role, ctc_lpa, status) VALUES (17, 24, 'Software Engineer Hiring 17', 'SDE', 10.0, 'ONGOING');
INSERT INTO placement_drives (id, company_id, title, role, ctc_lpa, status) VALUES (18, 9, 'Software Engineer Hiring 18', 'SDE', 15.0, 'ONGOING');
INSERT INTO placement_drives (id, company_id, title, role, ctc_lpa, status) VALUES (19, 38, 'Software Engineer Hiring 19', 'SDE', 7.0, 'ONGOING');
INSERT INTO placement_drives (id, company_id, title, role, ctc_lpa, status) VALUES (20, 24, 'Software Engineer Hiring 20', 'SDE', 3.5, 'UPCOMING');
INSERT INTO placement_drives (id, company_id, title, role, ctc_lpa, status) VALUES (21, 19, 'Software Engineer Hiring 21', 'SDE', 7.0, 'UPCOMING');
INSERT INTO placement_drives (id, company_id, title, role, ctc_lpa, status) VALUES (22, 20, 'Software Engineer Hiring 22', 'SDE', 7.0, 'UPCOMING');
INSERT INTO placement_drives (id, company_id, title, role, ctc_lpa, status) VALUES (23, 9, 'Software Engineer Hiring 23', 'SDE', 15.0, 'COMPLETED');
INSERT INTO placement_drives (id, company_id, title, role, ctc_lpa, status) VALUES (24, 24, 'Software Engineer Hiring 24', 'SDE', 20.0, 'COMPLETED');
INSERT INTO placement_drives (id, company_id, title, role, ctc_lpa, status) VALUES (25, 44, 'Software Engineer Hiring 25', 'SDE', 7.0, 'ONGOING');
INSERT INTO placement_drives (id, company_id, title, role, ctc_lpa, status) VALUES (26, 8, 'Software Engineer Hiring 26', 'SDE', 20.0, 'UPCOMING');
INSERT INTO placement_drives (id, company_id, title, role, ctc_lpa, status) VALUES (27, 9, 'Software Engineer Hiring 27', 'SDE', 20.0, 'UPCOMING');
INSERT INTO placement_drives (id, company_id, title, role, ctc_lpa, status) VALUES (28, 11, 'Software Engineer Hiring 28', 'SDE', 7.0, 'COMPLETED');
INSERT INTO placement_drives (id, company_id, title, role, ctc_lpa, status) VALUES (29, 27, 'Software Engineer Hiring 29', 'SDE', 20.0, 'COMPLETED');
INSERT INTO placement_drives (id, company_id, title, role, ctc_lpa, status) VALUES (30, 3, 'Software Engineer Hiring 30', 'SDE', 15.0, 'UPCOMING');
INSERT INTO placement_drives (id, company_id, title, role, ctc_lpa, status) VALUES (31, 42, 'Software Engineer Hiring 31', 'SDE', 15.0, 'ONGOING');
INSERT INTO placement_drives (id, company_id, title, role, ctc_lpa, status) VALUES (32, 36, 'Software Engineer Hiring 32', 'SDE', 15.0, 'UPCOMING');
INSERT INTO placement_drives (id, company_id, title, role, ctc_lpa, status) VALUES (33, 15, 'Software Engineer Hiring 33', 'SDE', 15.0, 'UPCOMING');
INSERT INTO placement_drives (id, company_id, title, role, ctc_lpa, status) VALUES (34, 26, 'Software Engineer Hiring 34', 'SDE', 20.0, 'ONGOING');
INSERT INTO placement_drives (id, company_id, title, role, ctc_lpa, status) VALUES (35, 44, 'Software Engineer Hiring 35', 'SDE', 3.5, 'UPCOMING');
INSERT INTO placement_drives (id, company_id, title, role, ctc_lpa, status) VALUES (36, 25, 'Software Engineer Hiring 36', 'SDE', 10.0, 'COMPLETED');
INSERT INTO placement_drives (id, company_id, title, role, ctc_lpa, status) VALUES (37, 32, 'Software Engineer Hiring 37', 'SDE', 20.0, 'ONGOING');
INSERT INTO placement_drives (id, company_id, title, role, ctc_lpa, status) VALUES (38, 27, 'Software Engineer Hiring 38', 'SDE', 5.0, 'ONGOING');
INSERT INTO placement_drives (id, company_id, title, role, ctc_lpa, status) VALUES (39, 13, 'Software Engineer Hiring 39', 'SDE', 10.0, 'ONGOING');
INSERT INTO placement_drives (id, company_id, title, role, ctc_lpa, status) VALUES (40, 31, 'Software Engineer Hiring 40', 'SDE', 20.0, 'ONGOING');
INSERT INTO placement_drives (id, company_id, title, role, ctc_lpa, status) VALUES (41, 35, 'Software Engineer Hiring 41', 'SDE', 15.0, 'COMPLETED');
INSERT INTO placement_drives (id, company_id, title, role, ctc_lpa, status) VALUES (42, 42, 'Software Engineer Hiring 42', 'SDE', 15.0, 'ONGOING');
INSERT INTO placement_drives (id, company_id, title, role, ctc_lpa, status) VALUES (43, 28, 'Software Engineer Hiring 43', 'SDE', 7.0, 'UPCOMING');
INSERT INTO placement_drives (id, company_id, title, role, ctc_lpa, status) VALUES (44, 43, 'Software Engineer Hiring 44', 'SDE', 15.0, 'UPCOMING');
INSERT INTO placement_drives (id, company_id, title, role, ctc_lpa, status) VALUES (45, 47, 'Software Engineer Hiring 45', 'SDE', 7.0, 'COMPLETED');
INSERT INTO placement_drives (id, company_id, title, role, ctc_lpa, status) VALUES (46, 28, 'Software Engineer Hiring 46', 'SDE', 10.0, 'ONGOING');
INSERT INTO placement_drives (id, company_id, title, role, ctc_lpa, status) VALUES (47, 49, 'Software Engineer Hiring 47', 'SDE', 5.0, 'COMPLETED');
INSERT INTO placement_drives (id, company_id, title, role, ctc_lpa, status) VALUES (48, 21, 'Software Engineer Hiring 48', 'SDE', 5.0, 'COMPLETED');
INSERT INTO placement_drives (id, company_id, title, role, ctc_lpa, status) VALUES (49, 38, 'Software Engineer Hiring 49', 'SDE', 10.0, 'UPCOMING');
INSERT INTO placement_drives (id, company_id, title, role, ctc_lpa, status) VALUES (50, 22, 'Software Engineer Hiring 50', 'SDE', 10.0, 'UPCOMING');

-- 13. Drive Eligibility
INSERT INTO drive_eligibility (drive_id, min_cgpa, min_x_marks, min_xii_marks, max_standing_arrears, max_history_of_arrears) VALUES (1, 7.0, 60.0, 60.0, 0, 2);
INSERT INTO drive_eligibility (drive_id, min_cgpa, min_x_marks, min_xii_marks, max_standing_arrears, max_history_of_arrears) VALUES (2, 7.0, 60.0, 60.0, 0, 2);
INSERT INTO drive_eligibility (drive_id, min_cgpa, min_x_marks, min_xii_marks, max_standing_arrears, max_history_of_arrears) VALUES (3, 7.0, 60.0, 60.0, 0, 2);
INSERT INTO drive_eligibility (drive_id, min_cgpa, min_x_marks, min_xii_marks, max_standing_arrears, max_history_of_arrears) VALUES (4, 7.0, 60.0, 60.0, 0, 2);
INSERT INTO drive_eligibility (drive_id, min_cgpa, min_x_marks, min_xii_marks, max_standing_arrears, max_history_of_arrears) VALUES (5, 7.0, 60.0, 60.0, 0, 2);
INSERT INTO drive_eligibility (drive_id, min_cgpa, min_x_marks, min_xii_marks, max_standing_arrears, max_history_of_arrears) VALUES (6, 7.0, 60.0, 60.0, 0, 2);
INSERT INTO drive_eligibility (drive_id, min_cgpa, min_x_marks, min_xii_marks, max_standing_arrears, max_history_of_arrears) VALUES (7, 7.0, 60.0, 60.0, 0, 2);
INSERT INTO drive_eligibility (drive_id, min_cgpa, min_x_marks, min_xii_marks, max_standing_arrears, max_history_of_arrears) VALUES (8, 7.0, 60.0, 60.0, 0, 2);
INSERT INTO drive_eligibility (drive_id, min_cgpa, min_x_marks, min_xii_marks, max_standing_arrears, max_history_of_arrears) VALUES (9, 7.0, 60.0, 60.0, 0, 2);
INSERT INTO drive_eligibility (drive_id, min_cgpa, min_x_marks, min_xii_marks, max_standing_arrears, max_history_of_arrears) VALUES (10, 7.0, 60.0, 60.0, 0, 2);
INSERT INTO drive_eligibility (drive_id, min_cgpa, min_x_marks, min_xii_marks, max_standing_arrears, max_history_of_arrears) VALUES (11, 7.0, 60.0, 60.0, 0, 2);
INSERT INTO drive_eligibility (drive_id, min_cgpa, min_x_marks, min_xii_marks, max_standing_arrears, max_history_of_arrears) VALUES (12, 7.0, 60.0, 60.0, 0, 2);
INSERT INTO drive_eligibility (drive_id, min_cgpa, min_x_marks, min_xii_marks, max_standing_arrears, max_history_of_arrears) VALUES (13, 7.0, 60.0, 60.0, 0, 2);
INSERT INTO drive_eligibility (drive_id, min_cgpa, min_x_marks, min_xii_marks, max_standing_arrears, max_history_of_arrears) VALUES (14, 7.0, 60.0, 60.0, 0, 2);
INSERT INTO drive_eligibility (drive_id, min_cgpa, min_x_marks, min_xii_marks, max_standing_arrears, max_history_of_arrears) VALUES (15, 7.0, 60.0, 60.0, 0, 2);
INSERT INTO drive_eligibility (drive_id, min_cgpa, min_x_marks, min_xii_marks, max_standing_arrears, max_history_of_arrears) VALUES (16, 7.0, 60.0, 60.0, 0, 2);
INSERT INTO drive_eligibility (drive_id, min_cgpa, min_x_marks, min_xii_marks, max_standing_arrears, max_history_of_arrears) VALUES (17, 7.0, 60.0, 60.0, 0, 2);
INSERT INTO drive_eligibility (drive_id, min_cgpa, min_x_marks, min_xii_marks, max_standing_arrears, max_history_of_arrears) VALUES (18, 7.0, 60.0, 60.0, 0, 2);
INSERT INTO drive_eligibility (drive_id, min_cgpa, min_x_marks, min_xii_marks, max_standing_arrears, max_history_of_arrears) VALUES (19, 7.0, 60.0, 60.0, 0, 2);
INSERT INTO drive_eligibility (drive_id, min_cgpa, min_x_marks, min_xii_marks, max_standing_arrears, max_history_of_arrears) VALUES (20, 7.0, 60.0, 60.0, 0, 2);
INSERT INTO drive_eligibility (drive_id, min_cgpa, min_x_marks, min_xii_marks, max_standing_arrears, max_history_of_arrears) VALUES (21, 7.0, 60.0, 60.0, 0, 2);
INSERT INTO drive_eligibility (drive_id, min_cgpa, min_x_marks, min_xii_marks, max_standing_arrears, max_history_of_arrears) VALUES (22, 7.0, 60.0, 60.0, 0, 2);
INSERT INTO drive_eligibility (drive_id, min_cgpa, min_x_marks, min_xii_marks, max_standing_arrears, max_history_of_arrears) VALUES (23, 7.0, 60.0, 60.0, 0, 2);
INSERT INTO drive_eligibility (drive_id, min_cgpa, min_x_marks, min_xii_marks, max_standing_arrears, max_history_of_arrears) VALUES (24, 7.0, 60.0, 60.0, 0, 2);
INSERT INTO drive_eligibility (drive_id, min_cgpa, min_x_marks, min_xii_marks, max_standing_arrears, max_history_of_arrears) VALUES (25, 7.0, 60.0, 60.0, 0, 2);
INSERT INTO drive_eligibility (drive_id, min_cgpa, min_x_marks, min_xii_marks, max_standing_arrears, max_history_of_arrears) VALUES (26, 7.0, 60.0, 60.0, 0, 2);
INSERT INTO drive_eligibility (drive_id, min_cgpa, min_x_marks, min_xii_marks, max_standing_arrears, max_history_of_arrears) VALUES (27, 7.0, 60.0, 60.0, 0, 2);
INSERT INTO drive_eligibility (drive_id, min_cgpa, min_x_marks, min_xii_marks, max_standing_arrears, max_history_of_arrears) VALUES (28, 7.0, 60.0, 60.0, 0, 2);
INSERT INTO drive_eligibility (drive_id, min_cgpa, min_x_marks, min_xii_marks, max_standing_arrears, max_history_of_arrears) VALUES (29, 7.0, 60.0, 60.0, 0, 2);
INSERT INTO drive_eligibility (drive_id, min_cgpa, min_x_marks, min_xii_marks, max_standing_arrears, max_history_of_arrears) VALUES (30, 7.0, 60.0, 60.0, 0, 2);
INSERT INTO drive_eligibility (drive_id, min_cgpa, min_x_marks, min_xii_marks, max_standing_arrears, max_history_of_arrears) VALUES (31, 7.0, 60.0, 60.0, 0, 2);
INSERT INTO drive_eligibility (drive_id, min_cgpa, min_x_marks, min_xii_marks, max_standing_arrears, max_history_of_arrears) VALUES (32, 7.0, 60.0, 60.0, 0, 2);
INSERT INTO drive_eligibility (drive_id, min_cgpa, min_x_marks, min_xii_marks, max_standing_arrears, max_history_of_arrears) VALUES (33, 7.0, 60.0, 60.0, 0, 2);
INSERT INTO drive_eligibility (drive_id, min_cgpa, min_x_marks, min_xii_marks, max_standing_arrears, max_history_of_arrears) VALUES (34, 7.0, 60.0, 60.0, 0, 2);
INSERT INTO drive_eligibility (drive_id, min_cgpa, min_x_marks, min_xii_marks, max_standing_arrears, max_history_of_arrears) VALUES (35, 7.0, 60.0, 60.0, 0, 2);
INSERT INTO drive_eligibility (drive_id, min_cgpa, min_x_marks, min_xii_marks, max_standing_arrears, max_history_of_arrears) VALUES (36, 7.0, 60.0, 60.0, 0, 2);
INSERT INTO drive_eligibility (drive_id, min_cgpa, min_x_marks, min_xii_marks, max_standing_arrears, max_history_of_arrears) VALUES (37, 7.0, 60.0, 60.0, 0, 2);
INSERT INTO drive_eligibility (drive_id, min_cgpa, min_x_marks, min_xii_marks, max_standing_arrears, max_history_of_arrears) VALUES (38, 7.0, 60.0, 60.0, 0, 2);
INSERT INTO drive_eligibility (drive_id, min_cgpa, min_x_marks, min_xii_marks, max_standing_arrears, max_history_of_arrears) VALUES (39, 7.0, 60.0, 60.0, 0, 2);
INSERT INTO drive_eligibility (drive_id, min_cgpa, min_x_marks, min_xii_marks, max_standing_arrears, max_history_of_arrears) VALUES (40, 7.0, 60.0, 60.0, 0, 2);
INSERT INTO drive_eligibility (drive_id, min_cgpa, min_x_marks, min_xii_marks, max_standing_arrears, max_history_of_arrears) VALUES (41, 7.0, 60.0, 60.0, 0, 2);
INSERT INTO drive_eligibility (drive_id, min_cgpa, min_x_marks, min_xii_marks, max_standing_arrears, max_history_of_arrears) VALUES (42, 7.0, 60.0, 60.0, 0, 2);
INSERT INTO drive_eligibility (drive_id, min_cgpa, min_x_marks, min_xii_marks, max_standing_arrears, max_history_of_arrears) VALUES (43, 7.0, 60.0, 60.0, 0, 2);
INSERT INTO drive_eligibility (drive_id, min_cgpa, min_x_marks, min_xii_marks, max_standing_arrears, max_history_of_arrears) VALUES (44, 7.0, 60.0, 60.0, 0, 2);
INSERT INTO drive_eligibility (drive_id, min_cgpa, min_x_marks, min_xii_marks, max_standing_arrears, max_history_of_arrears) VALUES (45, 7.0, 60.0, 60.0, 0, 2);
INSERT INTO drive_eligibility (drive_id, min_cgpa, min_x_marks, min_xii_marks, max_standing_arrears, max_history_of_arrears) VALUES (46, 7.0, 60.0, 60.0, 0, 2);
INSERT INTO drive_eligibility (drive_id, min_cgpa, min_x_marks, min_xii_marks, max_standing_arrears, max_history_of_arrears) VALUES (47, 7.0, 60.0, 60.0, 0, 2);
INSERT INTO drive_eligibility (drive_id, min_cgpa, min_x_marks, min_xii_marks, max_standing_arrears, max_history_of_arrears) VALUES (48, 7.0, 60.0, 60.0, 0, 2);
INSERT INTO drive_eligibility (drive_id, min_cgpa, min_x_marks, min_xii_marks, max_standing_arrears, max_history_of_arrears) VALUES (49, 7.0, 60.0, 60.0, 0, 2);
INSERT INTO drive_eligibility (drive_id, min_cgpa, min_x_marks, min_xii_marks, max_standing_arrears, max_history_of_arrears) VALUES (50, 7.0, 60.0, 60.0, 0, 2);

-- 14. Drive Allowed Departments
INSERT INTO drive_allowed_departments (drive_id, department_id) VALUES (37, 8) ON CONFLICT DO NOTHING;
INSERT INTO drive_allowed_departments (drive_id, department_id) VALUES (10, 2) ON CONFLICT DO NOTHING;
INSERT INTO drive_allowed_departments (drive_id, department_id) VALUES (41, 8) ON CONFLICT DO NOTHING;
INSERT INTO drive_allowed_departments (drive_id, department_id) VALUES (47, 6) ON CONFLICT DO NOTHING;
INSERT INTO drive_allowed_departments (drive_id, department_id) VALUES (1, 2) ON CONFLICT DO NOTHING;
INSERT INTO drive_allowed_departments (drive_id, department_id) VALUES (9, 5) ON CONFLICT DO NOTHING;
INSERT INTO drive_allowed_departments (drive_id, department_id) VALUES (36, 2) ON CONFLICT DO NOTHING;
INSERT INTO drive_allowed_departments (drive_id, department_id) VALUES (5, 3) ON CONFLICT DO NOTHING;
INSERT INTO drive_allowed_departments (drive_id, department_id) VALUES (49, 6) ON CONFLICT DO NOTHING;
INSERT INTO drive_allowed_departments (drive_id, department_id) VALUES (6, 2) ON CONFLICT DO NOTHING;
INSERT INTO drive_allowed_departments (drive_id, department_id) VALUES (35, 5) ON CONFLICT DO NOTHING;
INSERT INTO drive_allowed_departments (drive_id, department_id) VALUES (14, 3) ON CONFLICT DO NOTHING;
INSERT INTO drive_allowed_departments (drive_id, department_id) VALUES (3, 6) ON CONFLICT DO NOTHING;
INSERT INTO drive_allowed_departments (drive_id, department_id) VALUES (34, 1) ON CONFLICT DO NOTHING;
INSERT INTO drive_allowed_departments (drive_id, department_id) VALUES (18, 3) ON CONFLICT DO NOTHING;
INSERT INTO drive_allowed_departments (drive_id, department_id) VALUES (2, 5) ON CONFLICT DO NOTHING;
INSERT INTO drive_allowed_departments (drive_id, department_id) VALUES (45, 7) ON CONFLICT DO NOTHING;
INSERT INTO drive_allowed_departments (drive_id, department_id) VALUES (46, 8) ON CONFLICT DO NOTHING;
INSERT INTO drive_allowed_departments (drive_id, department_id) VALUES (4, 2) ON CONFLICT DO NOTHING;
INSERT INTO drive_allowed_departments (drive_id, department_id) VALUES (1, 8) ON CONFLICT DO NOTHING;
INSERT INTO drive_allowed_departments (drive_id, department_id) VALUES (26, 8) ON CONFLICT DO NOTHING;
INSERT INTO drive_allowed_departments (drive_id, department_id) VALUES (34, 3) ON CONFLICT DO NOTHING;
INSERT INTO drive_allowed_departments (drive_id, department_id) VALUES (7, 3) ON CONFLICT DO NOTHING;
INSERT INTO drive_allowed_departments (drive_id, department_id) VALUES (18, 4) ON CONFLICT DO NOTHING;
INSERT INTO drive_allowed_departments (drive_id, department_id) VALUES (30, 4) ON CONFLICT DO NOTHING;
INSERT INTO drive_allowed_departments (drive_id, department_id) VALUES (17, 6) ON CONFLICT DO NOTHING;
INSERT INTO drive_allowed_departments (drive_id, department_id) VALUES (4, 4) ON CONFLICT DO NOTHING;
INSERT INTO drive_allowed_departments (drive_id, department_id) VALUES (1, 2) ON CONFLICT DO NOTHING;
INSERT INTO drive_allowed_departments (drive_id, department_id) VALUES (30, 8) ON CONFLICT DO NOTHING;
INSERT INTO drive_allowed_departments (drive_id, department_id) VALUES (28, 8) ON CONFLICT DO NOTHING;
INSERT INTO drive_allowed_departments (drive_id, department_id) VALUES (7, 3) ON CONFLICT DO NOTHING;
INSERT INTO drive_allowed_departments (drive_id, department_id) VALUES (48, 7) ON CONFLICT DO NOTHING;
INSERT INTO drive_allowed_departments (drive_id, department_id) VALUES (19, 6) ON CONFLICT DO NOTHING;
INSERT INTO drive_allowed_departments (drive_id, department_id) VALUES (24, 7) ON CONFLICT DO NOTHING;
INSERT INTO drive_allowed_departments (drive_id, department_id) VALUES (49, 4) ON CONFLICT DO NOTHING;
INSERT INTO drive_allowed_departments (drive_id, department_id) VALUES (25, 5) ON CONFLICT DO NOTHING;
INSERT INTO drive_allowed_departments (drive_id, department_id) VALUES (28, 7) ON CONFLICT DO NOTHING;
INSERT INTO drive_allowed_departments (drive_id, department_id) VALUES (4, 4) ON CONFLICT DO NOTHING;
INSERT INTO drive_allowed_departments (drive_id, department_id) VALUES (20, 5) ON CONFLICT DO NOTHING;
INSERT INTO drive_allowed_departments (drive_id, department_id) VALUES (24, 1) ON CONFLICT DO NOTHING;
INSERT INTO drive_allowed_departments (drive_id, department_id) VALUES (18, 2) ON CONFLICT DO NOTHING;
INSERT INTO drive_allowed_departments (drive_id, department_id) VALUES (46, 2) ON CONFLICT DO NOTHING;
INSERT INTO drive_allowed_departments (drive_id, department_id) VALUES (46, 1) ON CONFLICT DO NOTHING;
INSERT INTO drive_allowed_departments (drive_id, department_id) VALUES (12, 7) ON CONFLICT DO NOTHING;
INSERT INTO drive_allowed_departments (drive_id, department_id) VALUES (45, 5) ON CONFLICT DO NOTHING;
INSERT INTO drive_allowed_departments (drive_id, department_id) VALUES (34, 6) ON CONFLICT DO NOTHING;
INSERT INTO drive_allowed_departments (drive_id, department_id) VALUES (8, 1) ON CONFLICT DO NOTHING;
INSERT INTO drive_allowed_departments (drive_id, department_id) VALUES (10, 8) ON CONFLICT DO NOTHING;
INSERT INTO drive_allowed_departments (drive_id, department_id) VALUES (49, 5) ON CONFLICT DO NOTHING;
INSERT INTO drive_allowed_departments (drive_id, department_id) VALUES (44, 4) ON CONFLICT DO NOTHING;

-- 15. Drive Applications
INSERT INTO drive_applications (id, student_id, drive_id, stage, applied_at, last_updated_at, last_updated_by) VALUES (1, 8, 33, 'SELECTED', '2024-01-01 10:00:00', '2024-01-02 10:00:00', 1);
INSERT INTO drive_applications (id, student_id, drive_id, stage, applied_at, last_updated_at, last_updated_by) VALUES (2, 37, 25, 'SELECTED', '2024-01-01 10:00:00', '2024-01-02 10:00:00', 1);
INSERT INTO drive_applications (id, student_id, drive_id, stage, applied_at, last_updated_at, last_updated_by) VALUES (3, 3, 34, 'HR', '2024-01-01 10:00:00', '2024-01-02 10:00:00', 1);
INSERT INTO drive_applications (id, student_id, drive_id, stage, applied_at, last_updated_at, last_updated_by) VALUES (4, 23, 34, 'APPLIED', '2024-01-01 10:00:00', '2024-01-02 10:00:00', 1);
INSERT INTO drive_applications (id, student_id, drive_id, stage, applied_at, last_updated_at, last_updated_by) VALUES (5, 16, 33, 'SELECTED', '2024-01-01 10:00:00', '2024-01-02 10:00:00', 1);
INSERT INTO drive_applications (id, student_id, drive_id, stage, applied_at, last_updated_at, last_updated_by) VALUES (6, 34, 6, 'APPLIED', '2024-01-01 10:00:00', '2024-01-02 10:00:00', 1);
INSERT INTO drive_applications (id, student_id, drive_id, stage, applied_at, last_updated_at, last_updated_by) VALUES (7, 4, 20, 'REJECTED', '2024-01-01 10:00:00', '2024-01-02 10:00:00', 1);
INSERT INTO drive_applications (id, student_id, drive_id, stage, applied_at, last_updated_at, last_updated_by) VALUES (8, 22, 33, 'REJECTED', '2024-01-01 10:00:00', '2024-01-02 10:00:00', 1);
INSERT INTO drive_applications (id, student_id, drive_id, stage, applied_at, last_updated_at, last_updated_by) VALUES (9, 32, 11, 'TECHNICAL', '2024-01-01 10:00:00', '2024-01-02 10:00:00', 1);
INSERT INTO drive_applications (id, student_id, drive_id, stage, applied_at, last_updated_at, last_updated_by) VALUES (10, 20, 41, 'HR', '2024-01-01 10:00:00', '2024-01-02 10:00:00', 1);
INSERT INTO drive_applications (id, student_id, drive_id, stage, applied_at, last_updated_at, last_updated_by) VALUES (11, 30, 6, 'SELECTED', '2024-01-01 10:00:00', '2024-01-02 10:00:00', 1);
INSERT INTO drive_applications (id, student_id, drive_id, stage, applied_at, last_updated_at, last_updated_by) VALUES (12, 4, 19, 'REJECTED', '2024-01-01 10:00:00', '2024-01-02 10:00:00', 1);
INSERT INTO drive_applications (id, student_id, drive_id, stage, applied_at, last_updated_at, last_updated_by) VALUES (13, 48, 14, 'REJECTED', '2024-01-01 10:00:00', '2024-01-02 10:00:00', 1);
INSERT INTO drive_applications (id, student_id, drive_id, stage, applied_at, last_updated_at, last_updated_by) VALUES (14, 36, 25, 'REJECTED', '2024-01-01 10:00:00', '2024-01-02 10:00:00', 1);
INSERT INTO drive_applications (id, student_id, drive_id, stage, applied_at, last_updated_at, last_updated_by) VALUES (15, 27, 37, 'ASSESSMENT', '2024-01-01 10:00:00', '2024-01-02 10:00:00', 1);
INSERT INTO drive_applications (id, student_id, drive_id, stage, applied_at, last_updated_at, last_updated_by) VALUES (16, 27, 5, 'APPLIED', '2024-01-01 10:00:00', '2024-01-02 10:00:00', 1);
INSERT INTO drive_applications (id, student_id, drive_id, stage, applied_at, last_updated_at, last_updated_by) VALUES (17, 5, 12, 'APPLIED', '2024-01-01 10:00:00', '2024-01-02 10:00:00', 1);
INSERT INTO drive_applications (id, student_id, drive_id, stage, applied_at, last_updated_at, last_updated_by) VALUES (18, 40, 24, 'APPLIED', '2024-01-01 10:00:00', '2024-01-02 10:00:00', 1);
INSERT INTO drive_applications (id, student_id, drive_id, stage, applied_at, last_updated_at, last_updated_by) VALUES (19, 41, 4, 'REJECTED', '2024-01-01 10:00:00', '2024-01-02 10:00:00', 1);
INSERT INTO drive_applications (id, student_id, drive_id, stage, applied_at, last_updated_at, last_updated_by) VALUES (20, 31, 38, 'REJECTED', '2024-01-01 10:00:00', '2024-01-02 10:00:00', 1);
INSERT INTO drive_applications (id, student_id, drive_id, stage, applied_at, last_updated_at, last_updated_by) VALUES (21, 30, 19, 'ASSESSMENT', '2024-01-01 10:00:00', '2024-01-02 10:00:00', 1);
INSERT INTO drive_applications (id, student_id, drive_id, stage, applied_at, last_updated_at, last_updated_by) VALUES (22, 44, 34, 'APPLIED', '2024-01-01 10:00:00', '2024-01-02 10:00:00', 1);
INSERT INTO drive_applications (id, student_id, drive_id, stage, applied_at, last_updated_at, last_updated_by) VALUES (23, 31, 13, 'REJECTED', '2024-01-01 10:00:00', '2024-01-02 10:00:00', 1);
INSERT INTO drive_applications (id, student_id, drive_id, stage, applied_at, last_updated_at, last_updated_by) VALUES (24, 40, 39, 'REJECTED', '2024-01-01 10:00:00', '2024-01-02 10:00:00', 1);
INSERT INTO drive_applications (id, student_id, drive_id, stage, applied_at, last_updated_at, last_updated_by) VALUES (25, 2, 16, 'HR', '2024-01-01 10:00:00', '2024-01-02 10:00:00', 1);
INSERT INTO drive_applications (id, student_id, drive_id, stage, applied_at, last_updated_at, last_updated_by) VALUES (26, 22, 6, 'SELECTED', '2024-01-01 10:00:00', '2024-01-02 10:00:00', 1);
INSERT INTO drive_applications (id, student_id, drive_id, stage, applied_at, last_updated_at, last_updated_by) VALUES (27, 5, 50, 'REJECTED', '2024-01-01 10:00:00', '2024-01-02 10:00:00', 1);
INSERT INTO drive_applications (id, student_id, drive_id, stage, applied_at, last_updated_at, last_updated_by) VALUES (28, 3, 13, 'SELECTED', '2024-01-01 10:00:00', '2024-01-02 10:00:00', 1);
INSERT INTO drive_applications (id, student_id, drive_id, stage, applied_at, last_updated_at, last_updated_by) VALUES (29, 41, 9, 'ASSESSMENT', '2024-01-01 10:00:00', '2024-01-02 10:00:00', 1);
INSERT INTO drive_applications (id, student_id, drive_id, stage, applied_at, last_updated_at, last_updated_by) VALUES (30, 3, 21, 'TECHNICAL', '2024-01-01 10:00:00', '2024-01-02 10:00:00', 1);
INSERT INTO drive_applications (id, student_id, drive_id, stage, applied_at, last_updated_at, last_updated_by) VALUES (31, 17, 31, 'SELECTED', '2024-01-01 10:00:00', '2024-01-02 10:00:00', 1);
INSERT INTO drive_applications (id, student_id, drive_id, stage, applied_at, last_updated_at, last_updated_by) VALUES (32, 7, 14, 'SELECTED', '2024-01-01 10:00:00', '2024-01-02 10:00:00', 1);
INSERT INTO drive_applications (id, student_id, drive_id, stage, applied_at, last_updated_at, last_updated_by) VALUES (33, 6, 33, 'HR', '2024-01-01 10:00:00', '2024-01-02 10:00:00', 1);
INSERT INTO drive_applications (id, student_id, drive_id, stage, applied_at, last_updated_at, last_updated_by) VALUES (34, 19, 16, 'SELECTED', '2024-01-01 10:00:00', '2024-01-02 10:00:00', 1);
INSERT INTO drive_applications (id, student_id, drive_id, stage, applied_at, last_updated_at, last_updated_by) VALUES (35, 33, 26, 'TECHNICAL', '2024-01-01 10:00:00', '2024-01-02 10:00:00', 1);
INSERT INTO drive_applications (id, student_id, drive_id, stage, applied_at, last_updated_at, last_updated_by) VALUES (36, 12, 6, 'ASSESSMENT', '2024-01-01 10:00:00', '2024-01-02 10:00:00', 1);
INSERT INTO drive_applications (id, student_id, drive_id, stage, applied_at, last_updated_at, last_updated_by) VALUES (37, 25, 23, 'REJECTED', '2024-01-01 10:00:00', '2024-01-02 10:00:00', 1);
INSERT INTO drive_applications (id, student_id, drive_id, stage, applied_at, last_updated_at, last_updated_by) VALUES (38, 37, 7, 'ASSESSMENT', '2024-01-01 10:00:00', '2024-01-02 10:00:00', 1);
INSERT INTO drive_applications (id, student_id, drive_id, stage, applied_at, last_updated_at, last_updated_by) VALUES (39, 40, 36, 'APPLIED', '2024-01-01 10:00:00', '2024-01-02 10:00:00', 1);
INSERT INTO drive_applications (id, student_id, drive_id, stage, applied_at, last_updated_at, last_updated_by) VALUES (40, 6, 39, 'REJECTED', '2024-01-01 10:00:00', '2024-01-02 10:00:00', 1);
INSERT INTO drive_applications (id, student_id, drive_id, stage, applied_at, last_updated_at, last_updated_by) VALUES (41, 27, 37, 'ASSESSMENT', '2024-01-01 10:00:00', '2024-01-02 10:00:00', 1);
INSERT INTO drive_applications (id, student_id, drive_id, stage, applied_at, last_updated_at, last_updated_by) VALUES (42, 36, 3, 'HR', '2024-01-01 10:00:00', '2024-01-02 10:00:00', 1);
INSERT INTO drive_applications (id, student_id, drive_id, stage, applied_at, last_updated_at, last_updated_by) VALUES (43, 18, 22, 'APPLIED', '2024-01-01 10:00:00', '2024-01-02 10:00:00', 1);
INSERT INTO drive_applications (id, student_id, drive_id, stage, applied_at, last_updated_at, last_updated_by) VALUES (44, 40, 48, 'ASSESSMENT', '2024-01-01 10:00:00', '2024-01-02 10:00:00', 1);
INSERT INTO drive_applications (id, student_id, drive_id, stage, applied_at, last_updated_at, last_updated_by) VALUES (45, 1, 33, 'HR', '2024-01-01 10:00:00', '2024-01-02 10:00:00', 1);
INSERT INTO drive_applications (id, student_id, drive_id, stage, applied_at, last_updated_at, last_updated_by) VALUES (46, 38, 40, 'TECHNICAL', '2024-01-01 10:00:00', '2024-01-02 10:00:00', 1);
INSERT INTO drive_applications (id, student_id, drive_id, stage, applied_at, last_updated_at, last_updated_by) VALUES (47, 39, 24, 'APPLIED', '2024-01-01 10:00:00', '2024-01-02 10:00:00', 1);
INSERT INTO drive_applications (id, student_id, drive_id, stage, applied_at, last_updated_at, last_updated_by) VALUES (48, 21, 25, 'SELECTED', '2024-01-01 10:00:00', '2024-01-02 10:00:00', 1);
INSERT INTO drive_applications (id, student_id, drive_id, stage, applied_at, last_updated_at, last_updated_by) VALUES (49, 40, 8, 'ASSESSMENT', '2024-01-01 10:00:00', '2024-01-02 10:00:00', 1);
INSERT INTO drive_applications (id, student_id, drive_id, stage, applied_at, last_updated_at, last_updated_by) VALUES (50, 23, 39, 'APPLIED', '2024-01-01 10:00:00', '2024-01-02 10:00:00', 1);

-- 16. Profile Verifications
INSERT INTO profile_verifications (id, student_profile_id, faculty_id, status, remarks, verified_at) VALUES (1, 1, 1, 'PENDING', 'Checks done', '2024-01-01 10:00:00');
INSERT INTO profile_verifications (id, student_profile_id, faculty_id, status, remarks, verified_at) VALUES (2, 2, 1, 'REJECTED', 'Checks done', '2024-01-01 10:00:00');
INSERT INTO profile_verifications (id, student_profile_id, faculty_id, status, remarks, verified_at) VALUES (3, 3, 1, 'PENDING', 'Checks done', '2024-01-01 10:00:00');
INSERT INTO profile_verifications (id, student_profile_id, faculty_id, status, remarks, verified_at) VALUES (4, 4, 1, 'PENDING', 'Checks done', '2024-01-01 10:00:00');
INSERT INTO profile_verifications (id, student_profile_id, faculty_id, status, remarks, verified_at) VALUES (5, 5, 1, 'REJECTED', 'Checks done', '2024-01-01 10:00:00');
INSERT INTO profile_verifications (id, student_profile_id, faculty_id, status, remarks, verified_at) VALUES (6, 6, 1, 'VERIFIED', 'Checks done', '2024-01-01 10:00:00');
INSERT INTO profile_verifications (id, student_profile_id, faculty_id, status, remarks, verified_at) VALUES (7, 7, 1, 'VERIFIED', 'Checks done', '2024-01-01 10:00:00');
INSERT INTO profile_verifications (id, student_profile_id, faculty_id, status, remarks, verified_at) VALUES (8, 8, 1, 'REJECTED', 'Checks done', '2024-01-01 10:00:00');
INSERT INTO profile_verifications (id, student_profile_id, faculty_id, status, remarks, verified_at) VALUES (9, 9, 1, 'VERIFIED', 'Checks done', '2024-01-01 10:00:00');
INSERT INTO profile_verifications (id, student_profile_id, faculty_id, status, remarks, verified_at) VALUES (10, 10, 1, 'REJECTED', 'Checks done', '2024-01-01 10:00:00');
INSERT INTO profile_verifications (id, student_profile_id, faculty_id, status, remarks, verified_at) VALUES (11, 11, 1, 'VERIFIED', 'Checks done', '2024-01-01 10:00:00');
INSERT INTO profile_verifications (id, student_profile_id, faculty_id, status, remarks, verified_at) VALUES (12, 12, 1, 'PENDING', 'Checks done', '2024-01-01 10:00:00');
INSERT INTO profile_verifications (id, student_profile_id, faculty_id, status, remarks, verified_at) VALUES (13, 13, 1, 'PENDING', 'Checks done', '2024-01-01 10:00:00');
INSERT INTO profile_verifications (id, student_profile_id, faculty_id, status, remarks, verified_at) VALUES (14, 14, 1, 'REJECTED', 'Checks done', '2024-01-01 10:00:00');
INSERT INTO profile_verifications (id, student_profile_id, faculty_id, status, remarks, verified_at) VALUES (15, 15, 1, 'PENDING', 'Checks done', '2024-01-01 10:00:00');
INSERT INTO profile_verifications (id, student_profile_id, faculty_id, status, remarks, verified_at) VALUES (16, 16, 1, 'REJECTED', 'Checks done', '2024-01-01 10:00:00');
INSERT INTO profile_verifications (id, student_profile_id, faculty_id, status, remarks, verified_at) VALUES (17, 17, 1, 'REJECTED', 'Checks done', '2024-01-01 10:00:00');
INSERT INTO profile_verifications (id, student_profile_id, faculty_id, status, remarks, verified_at) VALUES (18, 18, 1, 'VERIFIED', 'Checks done', '2024-01-01 10:00:00');
INSERT INTO profile_verifications (id, student_profile_id, faculty_id, status, remarks, verified_at) VALUES (19, 19, 1, 'PENDING', 'Checks done', '2024-01-01 10:00:00');
INSERT INTO profile_verifications (id, student_profile_id, faculty_id, status, remarks, verified_at) VALUES (20, 20, 1, 'VERIFIED', 'Checks done', '2024-01-01 10:00:00');
INSERT INTO profile_verifications (id, student_profile_id, faculty_id, status, remarks, verified_at) VALUES (21, 21, 1, 'REJECTED', 'Checks done', '2024-01-01 10:00:00');
INSERT INTO profile_verifications (id, student_profile_id, faculty_id, status, remarks, verified_at) VALUES (22, 22, 1, 'VERIFIED', 'Checks done', '2024-01-01 10:00:00');
INSERT INTO profile_verifications (id, student_profile_id, faculty_id, status, remarks, verified_at) VALUES (23, 23, 1, 'VERIFIED', 'Checks done', '2024-01-01 10:00:00');
INSERT INTO profile_verifications (id, student_profile_id, faculty_id, status, remarks, verified_at) VALUES (24, 24, 1, 'REJECTED', 'Checks done', '2024-01-01 10:00:00');
INSERT INTO profile_verifications (id, student_profile_id, faculty_id, status, remarks, verified_at) VALUES (25, 25, 1, 'PENDING', 'Checks done', '2024-01-01 10:00:00');
INSERT INTO profile_verifications (id, student_profile_id, faculty_id, status, remarks, verified_at) VALUES (26, 26, 1, 'VERIFIED', 'Checks done', '2024-01-01 10:00:00');
INSERT INTO profile_verifications (id, student_profile_id, faculty_id, status, remarks, verified_at) VALUES (27, 27, 1, 'VERIFIED', 'Checks done', '2024-01-01 10:00:00');
INSERT INTO profile_verifications (id, student_profile_id, faculty_id, status, remarks, verified_at) VALUES (28, 28, 1, 'VERIFIED', 'Checks done', '2024-01-01 10:00:00');
INSERT INTO profile_verifications (id, student_profile_id, faculty_id, status, remarks, verified_at) VALUES (29, 29, 1, 'VERIFIED', 'Checks done', '2024-01-01 10:00:00');
INSERT INTO profile_verifications (id, student_profile_id, faculty_id, status, remarks, verified_at) VALUES (30, 30, 1, 'PENDING', 'Checks done', '2024-01-01 10:00:00');
INSERT INTO profile_verifications (id, student_profile_id, faculty_id, status, remarks, verified_at) VALUES (31, 31, 1, 'PENDING', 'Checks done', '2024-01-01 10:00:00');
INSERT INTO profile_verifications (id, student_profile_id, faculty_id, status, remarks, verified_at) VALUES (32, 32, 1, 'REJECTED', 'Checks done', '2024-01-01 10:00:00');
INSERT INTO profile_verifications (id, student_profile_id, faculty_id, status, remarks, verified_at) VALUES (33, 33, 1, 'VERIFIED', 'Checks done', '2024-01-01 10:00:00');
INSERT INTO profile_verifications (id, student_profile_id, faculty_id, status, remarks, verified_at) VALUES (34, 34, 1, 'PENDING', 'Checks done', '2024-01-01 10:00:00');
INSERT INTO profile_verifications (id, student_profile_id, faculty_id, status, remarks, verified_at) VALUES (35, 35, 1, 'REJECTED', 'Checks done', '2024-01-01 10:00:00');
INSERT INTO profile_verifications (id, student_profile_id, faculty_id, status, remarks, verified_at) VALUES (36, 36, 1, 'REJECTED', 'Checks done', '2024-01-01 10:00:00');
INSERT INTO profile_verifications (id, student_profile_id, faculty_id, status, remarks, verified_at) VALUES (37, 37, 1, 'PENDING', 'Checks done', '2024-01-01 10:00:00');
INSERT INTO profile_verifications (id, student_profile_id, faculty_id, status, remarks, verified_at) VALUES (38, 38, 1, 'REJECTED', 'Checks done', '2024-01-01 10:00:00');
INSERT INTO profile_verifications (id, student_profile_id, faculty_id, status, remarks, verified_at) VALUES (39, 39, 1, 'VERIFIED', 'Checks done', '2024-01-01 10:00:00');
INSERT INTO profile_verifications (id, student_profile_id, faculty_id, status, remarks, verified_at) VALUES (40, 40, 1, 'VERIFIED', 'Checks done', '2024-01-01 10:00:00');
INSERT INTO profile_verifications (id, student_profile_id, faculty_id, status, remarks, verified_at) VALUES (41, 41, 1, 'REJECTED', 'Checks done', '2024-01-01 10:00:00');
INSERT INTO profile_verifications (id, student_profile_id, faculty_id, status, remarks, verified_at) VALUES (42, 42, 1, 'REJECTED', 'Checks done', '2024-01-01 10:00:00');
INSERT INTO profile_verifications (id, student_profile_id, faculty_id, status, remarks, verified_at) VALUES (43, 43, 1, 'PENDING', 'Checks done', '2024-01-01 10:00:00');
INSERT INTO profile_verifications (id, student_profile_id, faculty_id, status, remarks, verified_at) VALUES (44, 44, 1, 'REJECTED', 'Checks done', '2024-01-01 10:00:00');
INSERT INTO profile_verifications (id, student_profile_id, faculty_id, status, remarks, verified_at) VALUES (45, 45, 1, 'PENDING', 'Checks done', '2024-01-01 10:00:00');
INSERT INTO profile_verifications (id, student_profile_id, faculty_id, status, remarks, verified_at) VALUES (46, 46, 1, 'REJECTED', 'Checks done', '2024-01-01 10:00:00');
INSERT INTO profile_verifications (id, student_profile_id, faculty_id, status, remarks, verified_at) VALUES (47, 47, 1, 'VERIFIED', 'Checks done', '2024-01-01 10:00:00');
INSERT INTO profile_verifications (id, student_profile_id, faculty_id, status, remarks, verified_at) VALUES (48, 48, 1, 'REJECTED', 'Checks done', '2024-01-01 10:00:00');
INSERT INTO profile_verifications (id, student_profile_id, faculty_id, status, remarks, verified_at) VALUES (49, 49, 1, 'REJECTED', 'Checks done', '2024-01-01 10:00:00');
INSERT INTO profile_verifications (id, student_profile_id, faculty_id, status, remarks, verified_at) VALUES (50, 50, 1, 'VERIFIED', 'Checks done', '2024-01-01 10:00:00');

-- 17. Announcements
INSERT INTO announcements (id, title, content, scope, department_id, created_by, created_at) VALUES (1, 'Announcement 1', 'Details for announcement 1', 'DEPARTMENT', 6, 1, '2024-01-01 10:00:00');
INSERT INTO announcements (id, title, content, scope, department_id, created_by, created_at) VALUES (2, 'Announcement 2', 'Details for announcement 2', 'GLOBAL', NULL, 1, '2024-01-01 10:00:00');
INSERT INTO announcements (id, title, content, scope, department_id, created_by, created_at) VALUES (3, 'Announcement 3', 'Details for announcement 3', 'DEPARTMENT', 8, 1, '2024-01-01 10:00:00');
INSERT INTO announcements (id, title, content, scope, department_id, created_by, created_at) VALUES (4, 'Announcement 4', 'Details for announcement 4', 'DEPARTMENT', 3, 1, '2024-01-01 10:00:00');
INSERT INTO announcements (id, title, content, scope, department_id, created_by, created_at) VALUES (5, 'Announcement 5', 'Details for announcement 5', 'DEPARTMENT', 5, 1, '2024-01-01 10:00:00');
INSERT INTO announcements (id, title, content, scope, department_id, created_by, created_at) VALUES (6, 'Announcement 6', 'Details for announcement 6', 'GLOBAL', NULL, 1, '2024-01-01 10:00:00');
INSERT INTO announcements (id, title, content, scope, department_id, created_by, created_at) VALUES (7, 'Announcement 7', 'Details for announcement 7', 'GLOBAL', NULL, 1, '2024-01-01 10:00:00');
INSERT INTO announcements (id, title, content, scope, department_id, created_by, created_at) VALUES (8, 'Announcement 8', 'Details for announcement 8', 'DEPARTMENT', 5, 1, '2024-01-01 10:00:00');
INSERT INTO announcements (id, title, content, scope, department_id, created_by, created_at) VALUES (9, 'Announcement 9', 'Details for announcement 9', 'DEPARTMENT', 6, 1, '2024-01-01 10:00:00');
INSERT INTO announcements (id, title, content, scope, department_id, created_by, created_at) VALUES (10, 'Announcement 10', 'Details for announcement 10', 'GLOBAL', NULL, 1, '2024-01-01 10:00:00');
INSERT INTO announcements (id, title, content, scope, department_id, created_by, created_at) VALUES (11, 'Announcement 11', 'Details for announcement 11', 'GLOBAL', NULL, 1, '2024-01-01 10:00:00');
INSERT INTO announcements (id, title, content, scope, department_id, created_by, created_at) VALUES (12, 'Announcement 12', 'Details for announcement 12', 'DEPARTMENT', 2, 1, '2024-01-01 10:00:00');
INSERT INTO announcements (id, title, content, scope, department_id, created_by, created_at) VALUES (13, 'Announcement 13', 'Details for announcement 13', 'GLOBAL', NULL, 1, '2024-01-01 10:00:00');
INSERT INTO announcements (id, title, content, scope, department_id, created_by, created_at) VALUES (14, 'Announcement 14', 'Details for announcement 14', 'DEPARTMENT', 4, 1, '2024-01-01 10:00:00');
INSERT INTO announcements (id, title, content, scope, department_id, created_by, created_at) VALUES (15, 'Announcement 15', 'Details for announcement 15', 'GLOBAL', NULL, 1, '2024-01-01 10:00:00');
INSERT INTO announcements (id, title, content, scope, department_id, created_by, created_at) VALUES (16, 'Announcement 16', 'Details for announcement 16', 'GLOBAL', NULL, 1, '2024-01-01 10:00:00');
INSERT INTO announcements (id, title, content, scope, department_id, created_by, created_at) VALUES (17, 'Announcement 17', 'Details for announcement 17', 'GLOBAL', NULL, 1, '2024-01-01 10:00:00');
INSERT INTO announcements (id, title, content, scope, department_id, created_by, created_at) VALUES (18, 'Announcement 18', 'Details for announcement 18', 'DEPARTMENT', 7, 1, '2024-01-01 10:00:00');
INSERT INTO announcements (id, title, content, scope, department_id, created_by, created_at) VALUES (19, 'Announcement 19', 'Details for announcement 19', 'DEPARTMENT', 4, 1, '2024-01-01 10:00:00');
INSERT INTO announcements (id, title, content, scope, department_id, created_by, created_at) VALUES (20, 'Announcement 20', 'Details for announcement 20', 'GLOBAL', NULL, 1, '2024-01-01 10:00:00');
INSERT INTO announcements (id, title, content, scope, department_id, created_by, created_at) VALUES (21, 'Announcement 21', 'Details for announcement 21', 'DEPARTMENT', 4, 1, '2024-01-01 10:00:00');
INSERT INTO announcements (id, title, content, scope, department_id, created_by, created_at) VALUES (22, 'Announcement 22', 'Details for announcement 22', 'GLOBAL', NULL, 1, '2024-01-01 10:00:00');
INSERT INTO announcements (id, title, content, scope, department_id, created_by, created_at) VALUES (23, 'Announcement 23', 'Details for announcement 23', 'GLOBAL', NULL, 1, '2024-01-01 10:00:00');
INSERT INTO announcements (id, title, content, scope, department_id, created_by, created_at) VALUES (24, 'Announcement 24', 'Details for announcement 24', 'DEPARTMENT', 4, 1, '2024-01-01 10:00:00');
INSERT INTO announcements (id, title, content, scope, department_id, created_by, created_at) VALUES (25, 'Announcement 25', 'Details for announcement 25', 'GLOBAL', NULL, 1, '2024-01-01 10:00:00');
INSERT INTO announcements (id, title, content, scope, department_id, created_by, created_at) VALUES (26, 'Announcement 26', 'Details for announcement 26', 'GLOBAL', NULL, 1, '2024-01-01 10:00:00');
INSERT INTO announcements (id, title, content, scope, department_id, created_by, created_at) VALUES (27, 'Announcement 27', 'Details for announcement 27', 'DEPARTMENT', 6, 1, '2024-01-01 10:00:00');
INSERT INTO announcements (id, title, content, scope, department_id, created_by, created_at) VALUES (28, 'Announcement 28', 'Details for announcement 28', 'DEPARTMENT', 3, 1, '2024-01-01 10:00:00');
INSERT INTO announcements (id, title, content, scope, department_id, created_by, created_at) VALUES (29, 'Announcement 29', 'Details for announcement 29', 'GLOBAL', NULL, 1, '2024-01-01 10:00:00');
INSERT INTO announcements (id, title, content, scope, department_id, created_by, created_at) VALUES (30, 'Announcement 30', 'Details for announcement 30', 'DEPARTMENT', 8, 1, '2024-01-01 10:00:00');
INSERT INTO announcements (id, title, content, scope, department_id, created_by, created_at) VALUES (31, 'Announcement 31', 'Details for announcement 31', 'GLOBAL', NULL, 1, '2024-01-01 10:00:00');
INSERT INTO announcements (id, title, content, scope, department_id, created_by, created_at) VALUES (32, 'Announcement 32', 'Details for announcement 32', 'GLOBAL', NULL, 1, '2024-01-01 10:00:00');
INSERT INTO announcements (id, title, content, scope, department_id, created_by, created_at) VALUES (33, 'Announcement 33', 'Details for announcement 33', 'DEPARTMENT', 8, 1, '2024-01-01 10:00:00');
INSERT INTO announcements (id, title, content, scope, department_id, created_by, created_at) VALUES (34, 'Announcement 34', 'Details for announcement 34', 'DEPARTMENT', 4, 1, '2024-01-01 10:00:00');
INSERT INTO announcements (id, title, content, scope, department_id, created_by, created_at) VALUES (35, 'Announcement 35', 'Details for announcement 35', 'DEPARTMENT', 7, 1, '2024-01-01 10:00:00');
INSERT INTO announcements (id, title, content, scope, department_id, created_by, created_at) VALUES (36, 'Announcement 36', 'Details for announcement 36', 'GLOBAL', NULL, 1, '2024-01-01 10:00:00');
INSERT INTO announcements (id, title, content, scope, department_id, created_by, created_at) VALUES (37, 'Announcement 37', 'Details for announcement 37', 'DEPARTMENT', 2, 1, '2024-01-01 10:00:00');
INSERT INTO announcements (id, title, content, scope, department_id, created_by, created_at) VALUES (38, 'Announcement 38', 'Details for announcement 38', 'DEPARTMENT', 3, 1, '2024-01-01 10:00:00');
INSERT INTO announcements (id, title, content, scope, department_id, created_by, created_at) VALUES (39, 'Announcement 39', 'Details for announcement 39', 'DEPARTMENT', 7, 1, '2024-01-01 10:00:00');
INSERT INTO announcements (id, title, content, scope, department_id, created_by, created_at) VALUES (40, 'Announcement 40', 'Details for announcement 40', 'GLOBAL', NULL, 1, '2024-01-01 10:00:00');
INSERT INTO announcements (id, title, content, scope, department_id, created_by, created_at) VALUES (41, 'Announcement 41', 'Details for announcement 41', 'DEPARTMENT', 3, 1, '2024-01-01 10:00:00');
INSERT INTO announcements (id, title, content, scope, department_id, created_by, created_at) VALUES (42, 'Announcement 42', 'Details for announcement 42', 'GLOBAL', NULL, 1, '2024-01-01 10:00:00');
INSERT INTO announcements (id, title, content, scope, department_id, created_by, created_at) VALUES (43, 'Announcement 43', 'Details for announcement 43', 'DEPARTMENT', 1, 1, '2024-01-01 10:00:00');
INSERT INTO announcements (id, title, content, scope, department_id, created_by, created_at) VALUES (44, 'Announcement 44', 'Details for announcement 44', 'DEPARTMENT', 7, 1, '2024-01-01 10:00:00');
INSERT INTO announcements (id, title, content, scope, department_id, created_by, created_at) VALUES (45, 'Announcement 45', 'Details for announcement 45', 'GLOBAL', NULL, 1, '2024-01-01 10:00:00');
INSERT INTO announcements (id, title, content, scope, department_id, created_by, created_at) VALUES (46, 'Announcement 46', 'Details for announcement 46', 'GLOBAL', NULL, 1, '2024-01-01 10:00:00');
INSERT INTO announcements (id, title, content, scope, department_id, created_by, created_at) VALUES (47, 'Announcement 47', 'Details for announcement 47', 'GLOBAL', NULL, 1, '2024-01-01 10:00:00');
INSERT INTO announcements (id, title, content, scope, department_id, created_by, created_at) VALUES (48, 'Announcement 48', 'Details for announcement 48', 'GLOBAL', NULL, 1, '2024-01-01 10:00:00');
INSERT INTO announcements (id, title, content, scope, department_id, created_by, created_at) VALUES (49, 'Announcement 49', 'Details for announcement 49', 'GLOBAL', NULL, 1, '2024-01-01 10:00:00');
INSERT INTO announcements (id, title, content, scope, department_id, created_by, created_at) VALUES (50, 'Announcement 50', 'Details for announcement 50', 'GLOBAL', NULL, 1, '2024-01-01 10:00:00');

-- 18. Events
INSERT INTO events (id, title, description, scheduled_at, location_or_link, department_id) VALUES (1, 'Event 1', 'Event Details', '2024-05-01 10:00:00', 'Online', NULL);
INSERT INTO events (id, title, description, scheduled_at, location_or_link, department_id) VALUES (2, 'Event 2', 'Event Details', '2024-05-01 10:00:00', 'Online', NULL);
INSERT INTO events (id, title, description, scheduled_at, location_or_link, department_id) VALUES (3, 'Event 3', 'Event Details', '2024-05-01 10:00:00', 'Online', 6);
INSERT INTO events (id, title, description, scheduled_at, location_or_link, department_id) VALUES (4, 'Event 4', 'Event Details', '2024-05-01 10:00:00', 'Online', NULL);
INSERT INTO events (id, title, description, scheduled_at, location_or_link, department_id) VALUES (5, 'Event 5', 'Event Details', '2024-05-01 10:00:00', 'Online', 6);
INSERT INTO events (id, title, description, scheduled_at, location_or_link, department_id) VALUES (6, 'Event 6', 'Event Details', '2024-05-01 10:00:00', 'Online', 1);
INSERT INTO events (id, title, description, scheduled_at, location_or_link, department_id) VALUES (7, 'Event 7', 'Event Details', '2024-05-01 10:00:00', 'Online', NULL);
INSERT INTO events (id, title, description, scheduled_at, location_or_link, department_id) VALUES (8, 'Event 8', 'Event Details', '2024-05-01 10:00:00', 'Online', NULL);
INSERT INTO events (id, title, description, scheduled_at, location_or_link, department_id) VALUES (9, 'Event 9', 'Event Details', '2024-05-01 10:00:00', 'Online', 6);
INSERT INTO events (id, title, description, scheduled_at, location_or_link, department_id) VALUES (10, 'Event 10', 'Event Details', '2024-05-01 10:00:00', 'Online', 6);
INSERT INTO events (id, title, description, scheduled_at, location_or_link, department_id) VALUES (11, 'Event 11', 'Event Details', '2024-05-01 10:00:00', 'Online', 8);
INSERT INTO events (id, title, description, scheduled_at, location_or_link, department_id) VALUES (12, 'Event 12', 'Event Details', '2024-05-01 10:00:00', 'Online', NULL);
INSERT INTO events (id, title, description, scheduled_at, location_or_link, department_id) VALUES (13, 'Event 13', 'Event Details', '2024-05-01 10:00:00', 'Online', 6);
INSERT INTO events (id, title, description, scheduled_at, location_or_link, department_id) VALUES (14, 'Event 14', 'Event Details', '2024-05-01 10:00:00', 'Online', NULL);
INSERT INTO events (id, title, description, scheduled_at, location_or_link, department_id) VALUES (15, 'Event 15', 'Event Details', '2024-05-01 10:00:00', 'Online', NULL);
INSERT INTO events (id, title, description, scheduled_at, location_or_link, department_id) VALUES (16, 'Event 16', 'Event Details', '2024-05-01 10:00:00', 'Online', 8);
INSERT INTO events (id, title, description, scheduled_at, location_or_link, department_id) VALUES (17, 'Event 17', 'Event Details', '2024-05-01 10:00:00', 'Online', NULL);
INSERT INTO events (id, title, description, scheduled_at, location_or_link, department_id) VALUES (18, 'Event 18', 'Event Details', '2024-05-01 10:00:00', 'Online', 8);
INSERT INTO events (id, title, description, scheduled_at, location_or_link, department_id) VALUES (19, 'Event 19', 'Event Details', '2024-05-01 10:00:00', 'Online', NULL);
INSERT INTO events (id, title, description, scheduled_at, location_or_link, department_id) VALUES (20, 'Event 20', 'Event Details', '2024-05-01 10:00:00', 'Online', 8);
INSERT INTO events (id, title, description, scheduled_at, location_or_link, department_id) VALUES (21, 'Event 21', 'Event Details', '2024-05-01 10:00:00', 'Online', 5);
INSERT INTO events (id, title, description, scheduled_at, location_or_link, department_id) VALUES (22, 'Event 22', 'Event Details', '2024-05-01 10:00:00', 'Online', 4);
INSERT INTO events (id, title, description, scheduled_at, location_or_link, department_id) VALUES (23, 'Event 23', 'Event Details', '2024-05-01 10:00:00', 'Online', 2);
INSERT INTO events (id, title, description, scheduled_at, location_or_link, department_id) VALUES (24, 'Event 24', 'Event Details', '2024-05-01 10:00:00', 'Online', 2);
INSERT INTO events (id, title, description, scheduled_at, location_or_link, department_id) VALUES (25, 'Event 25', 'Event Details', '2024-05-01 10:00:00', 'Online', 2);
INSERT INTO events (id, title, description, scheduled_at, location_or_link, department_id) VALUES (26, 'Event 26', 'Event Details', '2024-05-01 10:00:00', 'Online', 7);
INSERT INTO events (id, title, description, scheduled_at, location_or_link, department_id) VALUES (27, 'Event 27', 'Event Details', '2024-05-01 10:00:00', 'Online', 2);
INSERT INTO events (id, title, description, scheduled_at, location_or_link, department_id) VALUES (28, 'Event 28', 'Event Details', '2024-05-01 10:00:00', 'Online', NULL);
INSERT INTO events (id, title, description, scheduled_at, location_or_link, department_id) VALUES (29, 'Event 29', 'Event Details', '2024-05-01 10:00:00', 'Online', NULL);
INSERT INTO events (id, title, description, scheduled_at, location_or_link, department_id) VALUES (30, 'Event 30', 'Event Details', '2024-05-01 10:00:00', 'Online', NULL);
INSERT INTO events (id, title, description, scheduled_at, location_or_link, department_id) VALUES (31, 'Event 31', 'Event Details', '2024-05-01 10:00:00', 'Online', NULL);
INSERT INTO events (id, title, description, scheduled_at, location_or_link, department_id) VALUES (32, 'Event 32', 'Event Details', '2024-05-01 10:00:00', 'Online', 4);
INSERT INTO events (id, title, description, scheduled_at, location_or_link, department_id) VALUES (33, 'Event 33', 'Event Details', '2024-05-01 10:00:00', 'Online', NULL);
INSERT INTO events (id, title, description, scheduled_at, location_or_link, department_id) VALUES (34, 'Event 34', 'Event Details', '2024-05-01 10:00:00', 'Online', NULL);
INSERT INTO events (id, title, description, scheduled_at, location_or_link, department_id) VALUES (35, 'Event 35', 'Event Details', '2024-05-01 10:00:00', 'Online', NULL);
INSERT INTO events (id, title, description, scheduled_at, location_or_link, department_id) VALUES (36, 'Event 36', 'Event Details', '2024-05-01 10:00:00', 'Online', NULL);
INSERT INTO events (id, title, description, scheduled_at, location_or_link, department_id) VALUES (37, 'Event 37', 'Event Details', '2024-05-01 10:00:00', 'Online', 3);
INSERT INTO events (id, title, description, scheduled_at, location_or_link, department_id) VALUES (38, 'Event 38', 'Event Details', '2024-05-01 10:00:00', 'Online', 4);
INSERT INTO events (id, title, description, scheduled_at, location_or_link, department_id) VALUES (39, 'Event 39', 'Event Details', '2024-05-01 10:00:00', 'Online', NULL);
INSERT INTO events (id, title, description, scheduled_at, location_or_link, department_id) VALUES (40, 'Event 40', 'Event Details', '2024-05-01 10:00:00', 'Online', 8);
INSERT INTO events (id, title, description, scheduled_at, location_or_link, department_id) VALUES (41, 'Event 41', 'Event Details', '2024-05-01 10:00:00', 'Online', NULL);
INSERT INTO events (id, title, description, scheduled_at, location_or_link, department_id) VALUES (42, 'Event 42', 'Event Details', '2024-05-01 10:00:00', 'Online', NULL);
INSERT INTO events (id, title, description, scheduled_at, location_or_link, department_id) VALUES (43, 'Event 43', 'Event Details', '2024-05-01 10:00:00', 'Online', NULL);
INSERT INTO events (id, title, description, scheduled_at, location_or_link, department_id) VALUES (44, 'Event 44', 'Event Details', '2024-05-01 10:00:00', 'Online', 7);
INSERT INTO events (id, title, description, scheduled_at, location_or_link, department_id) VALUES (45, 'Event 45', 'Event Details', '2024-05-01 10:00:00', 'Online', NULL);
INSERT INTO events (id, title, description, scheduled_at, location_or_link, department_id) VALUES (46, 'Event 46', 'Event Details', '2024-05-01 10:00:00', 'Online', NULL);
INSERT INTO events (id, title, description, scheduled_at, location_or_link, department_id) VALUES (47, 'Event 47', 'Event Details', '2024-05-01 10:00:00', 'Online', NULL);
INSERT INTO events (id, title, description, scheduled_at, location_or_link, department_id) VALUES (48, 'Event 48', 'Event Details', '2024-05-01 10:00:00', 'Online', NULL);
INSERT INTO events (id, title, description, scheduled_at, location_or_link, department_id) VALUES (49, 'Event 49', 'Event Details', '2024-05-01 10:00:00', 'Online', 3);
INSERT INTO events (id, title, description, scheduled_at, location_or_link, department_id) VALUES (50, 'Event 50', 'Event Details', '2024-05-01 10:00:00', 'Online', 2);

-- 19. Audit Logs
INSERT INTO audit_logs (id, user_id, action, target_entity, target_entity_id, details, timestamp, ip_address) VALUES (1, 1, 'CREATE', 'PlacementDrive', 40, '{}', '2024-01-01 12:00:00', '192.168.1.1');
INSERT INTO audit_logs (id, user_id, action, target_entity, target_entity_id, details, timestamp, ip_address) VALUES (2, 1, 'CREATE', 'PlacementDrive', 46, '{}', '2024-01-01 12:00:00', '192.168.1.1');
INSERT INTO audit_logs (id, user_id, action, target_entity, target_entity_id, details, timestamp, ip_address) VALUES (3, 1, 'CREATE', 'PlacementDrive', 31, '{}', '2024-01-01 12:00:00', '192.168.1.1');
INSERT INTO audit_logs (id, user_id, action, target_entity, target_entity_id, details, timestamp, ip_address) VALUES (4, 1, 'CREATE', 'PlacementDrive', 19, '{}', '2024-01-01 12:00:00', '192.168.1.1');
INSERT INTO audit_logs (id, user_id, action, target_entity, target_entity_id, details, timestamp, ip_address) VALUES (5, 1, 'CREATE', 'PlacementDrive', 41, '{}', '2024-01-01 12:00:00', '192.168.1.1');
INSERT INTO audit_logs (id, user_id, action, target_entity, target_entity_id, details, timestamp, ip_address) VALUES (6, 1, 'CREATE', 'PlacementDrive', 14, '{}', '2024-01-01 12:00:00', '192.168.1.1');
INSERT INTO audit_logs (id, user_id, action, target_entity, target_entity_id, details, timestamp, ip_address) VALUES (7, 1, 'CREATE', 'PlacementDrive', 27, '{}', '2024-01-01 12:00:00', '192.168.1.1');
INSERT INTO audit_logs (id, user_id, action, target_entity, target_entity_id, details, timestamp, ip_address) VALUES (8, 1, 'CREATE', 'PlacementDrive', 33, '{}', '2024-01-01 12:00:00', '192.168.1.1');
INSERT INTO audit_logs (id, user_id, action, target_entity, target_entity_id, details, timestamp, ip_address) VALUES (9, 1, 'CREATE', 'PlacementDrive', 32, '{}', '2024-01-01 12:00:00', '192.168.1.1');
INSERT INTO audit_logs (id, user_id, action, target_entity, target_entity_id, details, timestamp, ip_address) VALUES (10, 1, 'CREATE', 'PlacementDrive', 18, '{}', '2024-01-01 12:00:00', '192.168.1.1');
INSERT INTO audit_logs (id, user_id, action, target_entity, target_entity_id, details, timestamp, ip_address) VALUES (11, 1, 'CREATE', 'PlacementDrive', 21, '{}', '2024-01-01 12:00:00', '192.168.1.1');
INSERT INTO audit_logs (id, user_id, action, target_entity, target_entity_id, details, timestamp, ip_address) VALUES (12, 1, 'CREATE', 'PlacementDrive', 8, '{}', '2024-01-01 12:00:00', '192.168.1.1');
INSERT INTO audit_logs (id, user_id, action, target_entity, target_entity_id, details, timestamp, ip_address) VALUES (13, 1, 'CREATE', 'PlacementDrive', 49, '{}', '2024-01-01 12:00:00', '192.168.1.1');
INSERT INTO audit_logs (id, user_id, action, target_entity, target_entity_id, details, timestamp, ip_address) VALUES (14, 1, 'CREATE', 'PlacementDrive', 29, '{}', '2024-01-01 12:00:00', '192.168.1.1');
INSERT INTO audit_logs (id, user_id, action, target_entity, target_entity_id, details, timestamp, ip_address) VALUES (15, 1, 'CREATE', 'PlacementDrive', 46, '{}', '2024-01-01 12:00:00', '192.168.1.1');
INSERT INTO audit_logs (id, user_id, action, target_entity, target_entity_id, details, timestamp, ip_address) VALUES (16, 1, 'CREATE', 'PlacementDrive', 22, '{}', '2024-01-01 12:00:00', '192.168.1.1');
INSERT INTO audit_logs (id, user_id, action, target_entity, target_entity_id, details, timestamp, ip_address) VALUES (17, 1, 'CREATE', 'PlacementDrive', 39, '{}', '2024-01-01 12:00:00', '192.168.1.1');
INSERT INTO audit_logs (id, user_id, action, target_entity, target_entity_id, details, timestamp, ip_address) VALUES (18, 1, 'CREATE', 'PlacementDrive', 48, '{}', '2024-01-01 12:00:00', '192.168.1.1');
INSERT INTO audit_logs (id, user_id, action, target_entity, target_entity_id, details, timestamp, ip_address) VALUES (19, 1, 'CREATE', 'PlacementDrive', 12, '{}', '2024-01-01 12:00:00', '192.168.1.1');
INSERT INTO audit_logs (id, user_id, action, target_entity, target_entity_id, details, timestamp, ip_address) VALUES (20, 1, 'CREATE', 'PlacementDrive', 11, '{}', '2024-01-01 12:00:00', '192.168.1.1');
INSERT INTO audit_logs (id, user_id, action, target_entity, target_entity_id, details, timestamp, ip_address) VALUES (21, 1, 'CREATE', 'PlacementDrive', 11, '{}', '2024-01-01 12:00:00', '192.168.1.1');
INSERT INTO audit_logs (id, user_id, action, target_entity, target_entity_id, details, timestamp, ip_address) VALUES (22, 1, 'CREATE', 'PlacementDrive', 5, '{}', '2024-01-01 12:00:00', '192.168.1.1');
INSERT INTO audit_logs (id, user_id, action, target_entity, target_entity_id, details, timestamp, ip_address) VALUES (23, 1, 'CREATE', 'PlacementDrive', 39, '{}', '2024-01-01 12:00:00', '192.168.1.1');
INSERT INTO audit_logs (id, user_id, action, target_entity, target_entity_id, details, timestamp, ip_address) VALUES (24, 1, 'CREATE', 'PlacementDrive', 22, '{}', '2024-01-01 12:00:00', '192.168.1.1');
INSERT INTO audit_logs (id, user_id, action, target_entity, target_entity_id, details, timestamp, ip_address) VALUES (25, 1, 'CREATE', 'PlacementDrive', 38, '{}', '2024-01-01 12:00:00', '192.168.1.1');
INSERT INTO audit_logs (id, user_id, action, target_entity, target_entity_id, details, timestamp, ip_address) VALUES (26, 1, 'CREATE', 'PlacementDrive', 36, '{}', '2024-01-01 12:00:00', '192.168.1.1');
INSERT INTO audit_logs (id, user_id, action, target_entity, target_entity_id, details, timestamp, ip_address) VALUES (27, 1, 'CREATE', 'PlacementDrive', 30, '{}', '2024-01-01 12:00:00', '192.168.1.1');
INSERT INTO audit_logs (id, user_id, action, target_entity, target_entity_id, details, timestamp, ip_address) VALUES (28, 1, 'CREATE', 'PlacementDrive', 32, '{}', '2024-01-01 12:00:00', '192.168.1.1');
INSERT INTO audit_logs (id, user_id, action, target_entity, target_entity_id, details, timestamp, ip_address) VALUES (29, 1, 'CREATE', 'PlacementDrive', 28, '{}', '2024-01-01 12:00:00', '192.168.1.1');
INSERT INTO audit_logs (id, user_id, action, target_entity, target_entity_id, details, timestamp, ip_address) VALUES (30, 1, 'CREATE', 'PlacementDrive', 33, '{}', '2024-01-01 12:00:00', '192.168.1.1');
INSERT INTO audit_logs (id, user_id, action, target_entity, target_entity_id, details, timestamp, ip_address) VALUES (31, 1, 'CREATE', 'PlacementDrive', 34, '{}', '2024-01-01 12:00:00', '192.168.1.1');
INSERT INTO audit_logs (id, user_id, action, target_entity, target_entity_id, details, timestamp, ip_address) VALUES (32, 1, 'CREATE', 'PlacementDrive', 12, '{}', '2024-01-01 12:00:00', '192.168.1.1');
INSERT INTO audit_logs (id, user_id, action, target_entity, target_entity_id, details, timestamp, ip_address) VALUES (33, 1, 'CREATE', 'PlacementDrive', 44, '{}', '2024-01-01 12:00:00', '192.168.1.1');
INSERT INTO audit_logs (id, user_id, action, target_entity, target_entity_id, details, timestamp, ip_address) VALUES (34, 1, 'CREATE', 'PlacementDrive', 32, '{}', '2024-01-01 12:00:00', '192.168.1.1');
INSERT INTO audit_logs (id, user_id, action, target_entity, target_entity_id, details, timestamp, ip_address) VALUES (35, 1, 'CREATE', 'PlacementDrive', 48, '{}', '2024-01-01 12:00:00', '192.168.1.1');
INSERT INTO audit_logs (id, user_id, action, target_entity, target_entity_id, details, timestamp, ip_address) VALUES (36, 1, 'CREATE', 'PlacementDrive', 30, '{}', '2024-01-01 12:00:00', '192.168.1.1');
INSERT INTO audit_logs (id, user_id, action, target_entity, target_entity_id, details, timestamp, ip_address) VALUES (37, 1, 'CREATE', 'PlacementDrive', 23, '{}', '2024-01-01 12:00:00', '192.168.1.1');
INSERT INTO audit_logs (id, user_id, action, target_entity, target_entity_id, details, timestamp, ip_address) VALUES (38, 1, 'CREATE', 'PlacementDrive', 44, '{}', '2024-01-01 12:00:00', '192.168.1.1');
INSERT INTO audit_logs (id, user_id, action, target_entity, target_entity_id, details, timestamp, ip_address) VALUES (39, 1, 'CREATE', 'PlacementDrive', 44, '{}', '2024-01-01 12:00:00', '192.168.1.1');
INSERT INTO audit_logs (id, user_id, action, target_entity, target_entity_id, details, timestamp, ip_address) VALUES (40, 1, 'CREATE', 'PlacementDrive', 37, '{}', '2024-01-01 12:00:00', '192.168.1.1');
INSERT INTO audit_logs (id, user_id, action, target_entity, target_entity_id, details, timestamp, ip_address) VALUES (41, 1, 'CREATE', 'PlacementDrive', 48, '{}', '2024-01-01 12:00:00', '192.168.1.1');
INSERT INTO audit_logs (id, user_id, action, target_entity, target_entity_id, details, timestamp, ip_address) VALUES (42, 1, 'CREATE', 'PlacementDrive', 48, '{}', '2024-01-01 12:00:00', '192.168.1.1');
INSERT INTO audit_logs (id, user_id, action, target_entity, target_entity_id, details, timestamp, ip_address) VALUES (43, 1, 'CREATE', 'PlacementDrive', 34, '{}', '2024-01-01 12:00:00', '192.168.1.1');
INSERT INTO audit_logs (id, user_id, action, target_entity, target_entity_id, details, timestamp, ip_address) VALUES (44, 1, 'CREATE', 'PlacementDrive', 3, '{}', '2024-01-01 12:00:00', '192.168.1.1');
INSERT INTO audit_logs (id, user_id, action, target_entity, target_entity_id, details, timestamp, ip_address) VALUES (45, 1, 'CREATE', 'PlacementDrive', 4, '{}', '2024-01-01 12:00:00', '192.168.1.1');
INSERT INTO audit_logs (id, user_id, action, target_entity, target_entity_id, details, timestamp, ip_address) VALUES (46, 1, 'CREATE', 'PlacementDrive', 40, '{}', '2024-01-01 12:00:00', '192.168.1.1');
INSERT INTO audit_logs (id, user_id, action, target_entity, target_entity_id, details, timestamp, ip_address) VALUES (47, 1, 'CREATE', 'PlacementDrive', 33, '{}', '2024-01-01 12:00:00', '192.168.1.1');
INSERT INTO audit_logs (id, user_id, action, target_entity, target_entity_id, details, timestamp, ip_address) VALUES (48, 1, 'CREATE', 'PlacementDrive', 34, '{}', '2024-01-01 12:00:00', '192.168.1.1');
INSERT INTO audit_logs (id, user_id, action, target_entity, target_entity_id, details, timestamp, ip_address) VALUES (49, 1, 'CREATE', 'PlacementDrive', 9, '{}', '2024-01-01 12:00:00', '192.168.1.1');
INSERT INTO audit_logs (id, user_id, action, target_entity, target_entity_id, details, timestamp, ip_address) VALUES (50, 1, 'CREATE', 'PlacementDrive', 23, '{}', '2024-01-01 12:00:00', '192.168.1.1');

-- UPDATE SEQUENCES
SELECT setval('users_id_seq', (SELECT MAX(id) FROM users));
SELECT setval('student_profiles_id_seq', (SELECT MAX(id) FROM student_profiles));
SELECT setval('student_certifications_id_seq', (SELECT MAX(id) FROM student_certifications));
SELECT setval('companies_id_seq', (SELECT MAX(id) FROM companies));
SELECT setval('placement_drives_id_seq', (SELECT MAX(id) FROM placement_drives));
SELECT setval('drive_applications_id_seq', (SELECT MAX(id) FROM drive_applications));
SELECT setval('profile_verifications_id_seq', (SELECT MAX(id) FROM profile_verifications));
SELECT setval('announcements_id_seq', (SELECT MAX(id) FROM announcements));
SELECT setval('events_id_seq', (SELECT MAX(id) FROM events));
SELECT setval('audit_logs_id_seq', (SELECT MAX(id) FROM audit_logs));
